,keyword,title,URL,text,translated
365,디렉터 스즈키입니다.,... ムーミン谷とアンブレラ 2021 」アートディレクター・鈴木マサル氏 ... な気持ちを感じていただけるような「心のビタミン」となれば幸いです。,https://www.youtube.com/watch,... ムーミン谷とアンブレラ 2021 」アートディレクター・鈴木マサル氏 ... な気持ちを感じていただけるような「心のビタミン」となれば幸いです。,"... Moomin Valley and Ambrella 2021 ""Masaru Suzuki, 미술 감독 Masaru Suzuki ..."
644,담당자 코멘트,FISCHER 21-22 ハイライト/メーカー担当者コメント【2021-2022NEW MODEl SKI試乗＆受注会】,https://www.youtube.com/watch,"FISCHER 21-22 ハイライト/メーカー担当者コメント【2021-2022NEW MODEl SKI試乗＆受注会】. 9,389 views9.3K views. Mar 16, 2021.","Fischer 21-22 하이라이트/제조업체의 의견 [2021-2022New 모델 스키 테스트 드라이브 및 주문 회의]. 9,389 views9.3k보기. 2021 년 3 월 16 일."
191,개발 일러스트,【ゲーム業界/企業・求人紹介】AAAゲーム開発、イラスト,https://www.youtube.com/watch,【ゲーム業界/企業・求人紹介】AAAゲーム開発、イラスト制作、MAYAトレーニングブックも執筆してる企業って！？【転職・就活】. 469 views469 views.,"[게임 산업/회사/채용 소개] AAA 게임 개발, 일러스트레이션 제작, Maya Training Book도 작성되었습니다!?[직업 변경 / 구직]. 469보기 469 뷰."
566,담당자 코멘트,【担当者コメント】,https://www.amazon.co.jp/%e5%88%a5%e5%86%8a%e5%95%86%e4%ba%8b%e6%b3%95%e5%8b%99-no-461-%e4%bb%a4%e5%92%8c%e5%85%83%e5%b9%b4%e6%94%b9%e6%ad%a3%e4%bc%9a%e7%a4%be%e6%b3%953%e2%80%95%e2%80%95%e7%ab%8b%e6%a1%88%e6%8b%85%e5%bd%93%e8%80%85%e3%81%ab%e3%82%88%e3%82%8b%e7%9c%81%e4%bb%a4%e8%a7%a3%e8%aa%ac%e3%80%81%e7%9c%81%e4%bb%a4%e6%96%b0%e6%97%a7%e5%af%be%e7%85%a7%e8%a1%a8%e3%80%81%e3%83%91%e3%83%96%e3%83%aa%e3%83%83%e3%82%af%e3%83%bb%e3%82%b3%e3%83%a1%e3%83%b3%e3%83%88%e3%80%81%e5%ae%9f%e5%8b%99%e5%af%be%e5%bf%9cq-%e2%80%95%e2%80%95-%e5%88%a5%e5%86%8a%e5%95%86%e4%ba%8b%e6%b3%95%e5%8b%99%e7%b7%a8%e9%9b%86%e9%83%a8/dp/4785752955,【担当者コメント】,[담당자]
580,담당자 코멘트,【担当者コメント】,https://www.megahobby.jp/event/excellentmodel_10th/comment/index.html,【担当者コメント】,[담당자]
579,담당자 코멘트,【担当者コメント】,https://helpx.adobe.com/jp/creative-cloud/help/share-for-review.html,【担当者コメント】,[담당자]
578,담당자 코멘트,【担当者コメント】,https://support.zendesk.com/hc/ja/articles/4408828984346-zendesk-support%e3%81%ae%e3%83%87%e3%83%95%e3%82%a9%e3%83%ab%e3%83%88%e3%81%ae%e3%83%88%e3%83%aa%e3%82%ac%e3%81%ae%e6%a6%82%e8%a6%81,【担当者コメント】,[담당자]
577,담당자 코멘트,【担当者コメント】,https://greenfunding.jp/lab/projects/4622/activities/17365,【担当者コメント】,[담당자]
576,담당자 코멘트,【担当者コメント】,https://rincrew.jp/comment/,【担当者コメント】,[담당자]
575,담당자 코멘트,【担当者コメント】,https://www.pt-ot-st.net/index.php/bbs/detail/4417,【担当者コメント】,[담당자]
565,담당자 코멘트,【担当者コメント】,https://webtan.impress.co.jp/g/%e3%82%b3%e3%83%a1%e3%83%b3%e3%83%88,【担当者コメント】,[담당자]
574,담당자 코멘트,【担当者コメント】,https://www.kajicon.jp/caseblog/4149/,【担当者コメント】,[담당자]
581,담당자 코멘트,【担当者コメント】,https://cloverlab.jp/03_%e6%8b%85%e5%bd%93%e8%80%85%e3%82%b3%e3%83%a1%e3%83%b3%e3%83%88/,【担当者コメント】,[담당자]
571,담당자 코멘트,【担当者コメント】,https://www.kanken.or.jp/bunshouken/enterprise/voice.html,【担当者コメント】,[담당자]
570,담당자 코멘트,【担当者コメント】,https://8823elec.com/chirashi/index.php,【担当者コメント】,[담당자]
569,담당자 코멘트,【担当者コメント】,https://meetsmore.com/product-services/personnel-evaluation-system/media/96043,【担当者コメント】,[담당자]
568,담당자 코멘트,【担当者コメント】,https://yokozeki-yushi.jp/publics/index/29/,【担当者コメント】,[담당자]
567,담당자 코멘트,【担当者コメント】,https://www.myricoh.jp/help/cc/info.html,【担当者コメント】,[담당자]
573,담당자 코멘트,【担当者コメント】,https://job-medley.com/tips/detail/475/,【担当者コメント】,[담당자]
572,담당자 코멘트,【担当者コメント】,https://asana.com/ja/guide/help/tasks/comments,【担当者コメント】,[담당자]
583,담당자 코멘트,【担当者コメント】,https://www.businesslawyers.jp/index.php/articles/1022,【担当者コメント】,[담당자]
584,담당자 코멘트,【担当者コメント】,https://support.box.com/hc/ja/articles/360044193333-%e3%83%a1%e3%83%bc%e3%83%ab%e3%81%ab%e4%bb%a3%e3%82%8f%e3%82%8b%e3%82%b3%e3%83%a1%e3%83%b3%e3%83%88%e3%81%a8%e3%82%bf%e3%82%b9%e3%82%af%e6%a9%9f%e8%83%bd,【担当者コメント】,[담당자]
600,담당자 코멘트,【担当者コメント】,https://faq.kentem.jp/app/answers/detail/a_id/437/~/%e4%bd%9c%e6%88%90%e3%81%97%e3%81%9f%e7%99%ba%e8%ad%b0%e6%9b%b8%e9%a1%9e%e3%82%92%e5%85%83%e3%81%ab%e6%8b%85%e5%bd%93%e8%80%85%e3%81%a8%e3%82%b3%e3%83%a1%e3%83%b3%e3%83%88%e3%81%ae%e3%82%84%e3%82%8a%e5%8f%96%e3%82%8a%e3%82%92%e3%81%97%e3%81%9f%e3%81%84,【担当者コメント】,[담당자]
599,담당자 코멘트,【担当者コメント】,https://www.kashikaigishitsu.net/contents/002/page1.html,【担当者コメント】,[담당자]
598,담당자 코멘트,【担当者コメント】,https://mailwise.cybozu.co.jp/functions/comment/,【担当者コメント】,[담당자]
597,담당자 코멘트,【担当者コメント】,https://www.suminavi.com/buy/,【担当者コメント】,[담당자]
596,담당자 코멘트,【担当者コメント】,https://www.shojihomu.co.jp/publication,【担当者コメント】,[담당자]
595,담당자 코멘트,【担当者コメント】,http://www.pref.osaka.lg.jp/attach/22143/00272473/koyokanri-03.pdf,【担当者コメント】,[담당자]
594,담당자 코멘트,【担当者コメント】,https://jicwels.or.jp/,【担当者コメント】,[담당자]
582,담당자 코멘트,【担当者コメント】,https://jp.cybozu.help/k/ja/user/notifications/notification_type.html,【担当者コメント】,[담당자]
593,담당자 코멘트,【担当者コメント】,http://www.pref.osaka.lg.jp/attach/22143/00272473/koyokanri-03.pdf,【担当者コメント】,[담당자]
591,담당자 코멘트,【担当者コメント】,https://www.insource.co.jp/it/it_computerkiso1day.html,【担当者コメント】,[담당자]
590,담당자 코멘트,【担当者コメント】,https://faq.kentem.jp/app/answers/detail/a_id/437/~/%e4%bd%9c%e6%88%90%e3%81%97%e3%81%9f%e7%99%ba%e8%ad%b0%e6%9b%b8%e9%a1%9e%e3%82%92%e5%85%83%e3%81%ab%e6%8b%85%e5%bd%93%e8%80%85%e3%81%a8%e3%82%b3%e3%83%a1%e3%83%b3%e3%83%88%e3%81%ae%e3%82%84%e3%82%8a%e5%8f%96%e3%82%8a%e3%82%92%e3%81%97%e3%81%9f%e3%81%84,【担当者コメント】,[담당자]
589,담당자 코멘트,【担当者コメント】,https://www.obc.co.jp/360/list/post120,【担当者コメント】,[담당자]
588,담당자 코멘트,【担当者コメント】,https://persol-tech-s.co.jp/hatalabo/it_engineer/487.html,【担当者コメント】,[담당자]
587,담당자 코멘트,【担当者コメント】,https://www.momoyamagakuin-h.ed.jp/about/international/exchange/t_message.html,【担当者コメント】,[담당자]
586,담당자 코멘트,【担当者コメント】,https://support-ja.backlog.com/hc/ja/articles/360035642454-%e3%81%8a%e7%9f%a5%e3%82%89%e3%81%9b%e6%a9%9f%e8%83%bd%e3%81%ae%e6%a6%82%e8%a6%81,【担当者コメント】,[담당자]
585,담당자 코멘트,【担当者コメント】,https://help.wrike.com/hc/ja/articles/360041051853-%e3%82%b9%e3%83%86%e3%83%83%e3%83%97-5-wrike-%e3%81%a7%e3%83%81%e3%83%bc%e3%83%a0%e3%81%a8%e5%8d%94%e5%8a%9b%e3%81%97%e3%81%a6%e4%bb%95%e4%ba%8b%e3%82%92%e9%80%b2%e3%82%81%e3%82%8b,【担当者コメント】,[담당자]
592,담당자 코멘트,【担当者コメント】,https://www.insource.co.jp/it/requirement-definition.html,【担当者コメント】,[담당자]
564,담당자 코멘트,【担当者コメント】,https://souken.shikigaku.jp/5468/,【担当者コメント】,[담당자]
563,담당자 코멘트,【担当者コメント】,https://www.kajima.co.jp/tech/kd/works_comment/089/index.html,【担当者コメント】,[담당자]
562,담당자 코멘트,【担当者コメント】,https://www.randstad.co.jp/careerhub/career/20161019.html,【担当者コメント】,[담당자]
541,담당자 코멘트,【担当者コメント】,https://www.hoikushibank.com/column/post_2563,【担当者コメント】,[담당자]
540,담당자 코멘트,【担当者コメント】,https://www.q-jin.ne.jp/myqjin/jinji_voice.php,【担当者コメント】,[담당자]
539,담당자 코멘트,【担当者コメント】,https://digireka-hr.jp/evaluation-comment/,【担当者コメント】,[담당자]
538,담당자 코멘트,【担当者コメント】,https://www.ashita-team.com/jinji-online/organization/10861,【担当者コメント】,[담당자]
537,담당자 코멘트,【担当者コメント】,http://www.takayasu-rf.co.jp/recruit/recruiter_comment.html,【担当者コメント】,[담당자]
536,담당자 코멘트,【担当者コメント】,https://www.cku.ac.jp/employment/jinji-voice.html,【担当者コメント】,[담당자]
535,담당자 코멘트,【担当者コメント】,https://www.suzukenokinawa-yakuhin.jp/recruit/comment.html,【担当者コメント】,[담당자]
534,담당자 코멘트,【担当者コメント】,https://www.hr-doctor.com/news/education/new-employee/newcomer_training_features_develop_point-21,【担当者コメント】,[담당자]
533,담당자 코멘트,【担当者コメント】,https://kigyolog.com/article.php,【担当者コメント】,[담당자]
532,담당자 코멘트,【担当者コメント】,https://www.nanotybp.jp/staff/4613/,【担当者コメント】,[담당자]
531,담당자 코멘트,【担当者コメント】,https://www.hrm-service.net/column/article150/,【担当者コメント】,[담당자]
530,담당자 코멘트,【担当者コメント】,https://www.hrbrain.jp/media/evaluation/comment,【担当者コメント】,[담당자]
529,담당자 코멘트,【担当者コメント】,https://www.noc-net.co.jp/blog/2017/12/column_254/,【担当者コメント】,[담당자]
528,담당자 코멘트,【担当者コメント】,https://it-trend.jp/merit_rating/article/evaluation_comment,【担当者コメント】,[담당자]
527,담당자 코멘트,【担当者コメント】,https://it-trend.jp/merit_rating/article/comment-precedent,【担当者コメント】,[담당자]
542,담당자 코멘트,【担当者コメント】,https://corporate.pia.jp/recruit/vision/,【担当者コメント】,[담당자]
543,담당자 코멘트,【担当者コメント】,https://tr-ex.me/%e7%bf%bb%e8%a8%b3/%e6%97%a5%e6%9c%ac%e8%aa%9e-%e8%8b%b1%e8%aa%9e/%e6%8b%85%e5%bd%93%e8%80%85%e3%81%8b%e3%82%89%e3%81%ae%e3%82%b3%e3%83%a1%e3%83%b3%e3%83%88,【担当者コメント】,[담당자]
544,담당자 코멘트,【担当者コメント】,https://www.century21saitama.com/voice/page_726.html,【担当者コメント】,[담당자]
545,담당자 코멘트,【担当者コメント】,https://www.docomo.ne.jp/biz/casestudy/wipjapan/,【担当者コメント】,[담당자]
561,담당자 코멘트,【担当者コメント】,https://www.kokune.co.jp/wp-content/themes/kokunetheme/img/download/kokune_green_manualbasic.pdf,【担当者コメント】,[담당자]
560,담당자 코멘트,【担当者コメント】,http://www.chintai-siga.com/voice/page_794.html,【担当者コメント】,[담당자]
559,담당자 코멘트,【担当者コメント】,http://wh.kodansha.co.jp/comment04.html,【担当者コメント】,[담당자]
558,담당자 코멘트,【担当者コメント】,https://www.medley.jp/notice/20201229.html,【担当者コメント】,[담당자]
557,담당자 코멘트,【担当者コメント】,http://www.benkama.co.jp/recruit/comment.html,【担当者コメント】,[담당자]
556,담당자 코멘트,【担当者コメント】,https://support.microsoft.com/ja-jp/office/word-%e3%81%a7%e3%81%ae%e5%a4%89%e6%9b%b4%e5%b1%a5%e6%ad%b4%e3%81%ae%e8%a8%98%e9%8c%b2-197ba630-0f5f-4a8e-9a77-3712475e806a,【担当者コメント】,[담당자]
555,담당자 코멘트,【担当者コメント】,https://jsite.mhlw.go.jp/tokyo-hellowork/content/contents/000967140.pdf,【担当者コメント】,[담당자]
601,담당자 코멘트,【担当者コメント】,https://ava.pmang.jp/new_notices/8359,【担当者コメント】,[담당자]
554,담당자 코멘트,【担当者コメント】,https://prtimes.jp/magazine/10-tips/,【担当者コメント】,[담당자]
552,담당자 코멘트,【担当者コメント】,https://www.shanaihokenkyusho.com/introduction/,【担当者コメント】,[담당자]
551,담당자 코멘트,【担当者コメント】,https://www.qes.co.jp/media/powerautomate/a154,【担当者コメント】,[담당자]
550,담당자 코멘트,【担当者コメント】,http://www.house-club.co.jp/voice/page_945.html,【担当者コメント】,[담당자]
549,담당자 코멘트,【担当者コメント】,https://next.rikunabi.com/journal/20201023_m01_s/,【担当者コメント】,[담당자]
548,담당자 코멘트,【担当者コメント】,https://www.fidelity.co.jp/search/tag/fil/jp/topics/pm-comment,【担当者コメント】,[담당자]
547,담당자 코멘트,【担当者コメント】,http://www.rentalhouse.co.jp/voice/page_1171.html,【担当者コメント】,[담당자]
546,담당자 코멘트,【担当者コメント】,https://rehda.com/7749/361794.html,【担当者コメント】,[담당자]
553,담당자 코멘트,【担当者コメント】,https://fdoc.jp/clinic/detail/index/id/153745/tab/4/,【担当者コメント】,[담당자]
602,담당자 코멘트,【担当者コメント】,http://www.super-yamaichi.com/recruit/index.html,【担当者コメント】,[담당자]
683,담당자 코멘트,【担当者コメント】,https://en-gage.net/content/personnel-evaluation,【担当者コメント】,[담당자]
604,담당자 코멘트,【担当者コメント】,https://www.c-ship.jp/content/first/asp/guidance/step3.html,【担当者コメント】,[담당자]
661,담당자 코멘트,【担当者コメント】,https://www.bloomberg.co.jp/news/articles/2022-05-11/rbor9kdwx2q301,【担当者コメント】,[담당자]
660,담당자 코멘트,【担当者コメント】,https://www.ehime-u.ac.jp/post-224822/,【担当者コメント】,[담당자]
659,담당자 코멘트,【担当者コメント】,https://kaigoworker.jp/column/295/,【担当者コメント】,[담당자]
658,담당자 코멘트,【担当者コメント】,https://style.nikkei.com/article/dgxmzo58309170r20c20a4000000,【担当者コメント】,[담당자]
657,담당자 코멘트,【担当者コメント】,https://media.mizuno.com/~/media/files/com/newsrelease/jp/2012/121228.pdf,【担当者コメント】,[담당자]
656,담당자 코멘트,【担当者コメント】,https://travel.rakuten.co.jp/mytrip/ranking/spot-itoshima,【担当者コメント】,[담당자]
655,담당자 코멘트,【担当者コメント】,https://topic-library.com/101.html,【担当者コメント】,[담당자]
662,담당자 코멘트,【担当者コメント】,https://hobby.dengeki.com/news/503479/,【担当者コメント】,[담당자]
654,담당자 코멘트,【担当者コメント】,https://workin.jp/inquire/recruiting/data/tohoku-investigation-2,【担当者コメント】,[담당자]
652,담당자 코멘트,【担当者コメント】,https://www.dodadsj.com/content/181207_interviewer-know-how/,【担当者コメント】,[담당자]
651,담당자 코멘트,【担当者コメント】,http://www.cosmenicjc.co.jp/salesrep.html,【担当者コメント】,[담당자]
650,담당자 코멘트,【担当者コメント】,https://www.notescons.gr.jp/home.nsf/blog.xsp,【担当者コメント】,[담당자]
649,담당자 코멘트,【担当者コメント】,https://pages.jbs.co.jp/metis_column_009.html,【担当者コメント】,[담당자]
648,담당자 코멘트,【担当者コメント】,https://symphonict.nesic.co.jp/workingstyle/zoom/comments/,【担当者コメント】,[담당자]
647,담당자 코멘트,【担当者コメント】,https://www.listing-partners.com/jigyousaikoutiku/w/,【担当者コメント】,[담당자]
646,담당자 코멘트,【担当者コメント】,https://allabout.co.jp/gm/gc/58331/,【担当者コメント】,[담당자]
653,담당자 코멘트,【担当者コメント】,http://masterfileblog.jp/interview/2013/10/24/4508.html,【担当者コメント】,[담당자]
645,담당자 코멘트,【担当者コメント】,http://toushin-maru.blog.jp/archives/16520367.html,【担当者コメント】,[담당자]
663,담당자 코멘트,【担当者コメント】,https://www.jiji.com/jc/article,【担当者コメント】,[담당자]
665,담당자 코멘트,【担当者コメント】,https://www.asahi.com/and/pressrelease/418036935/,【担当者コメント】,[담당자]
681,담당자 코멘트,【担当者コメント】,https://www.itmedia.co.jp/business/articles/2205/11/news020.html,【担当者コメント】,[담당자]
680,담당자 코멘트,【担当者コメント】,https://maidonanews.jp/article/14611901,【担当者コメント】,[담당자]
679,담당자 코멘트,【担当者コメント】,https://kuruma-news.jp/post/506875,【担当者コメント】,[담당자]
678,담당자 코멘트,【担当者コメント】,https://jp.ign.com/overwatch-2/59480/news/blizzard14,【担当者コメント】,[담당자]
677,담당자 코멘트,【担当者コメント】,https://car-moby.jp/article/news/latest-technology/video-taken-with-teslas-autopilot-and-uploaded-to-pornhub/,【担当者コメント】,[담당자]
676,담당자 코멘트,【担当者コメント】,https://www.risktaisaku.com/articles/-/68110,【担当者コメント】,[담당자]
675,담당자 코멘트,【担当者コメント】,https://www.msn.com/ja-jp/sports/news/%e3%80%8c%e9%99%b8%e4%b8%8a%e6%92%ae%e5%bd%b1%e3%81%ae%e7%b5%8c%e9%a8%93%e3%81%82%e3%82%8a%e3%80%8d%e3%81%ae%e3%83%8a%e3%82%be%e2%80%a6%e6%97%a5%e6%9c%ac%e9%81%b8%e6%89%8b%e6%a8%a9%e3%81%ae%e3%82%ab%e3%83%a1%e3%83%a9%e3%82%af%e3%83%ab%e3%83%bc%e6%8e%a5%e8%a7%a6%e4%ba%8b%e6%95%85%e3%81%af%e3%81%aa%e3%81%9c%e8%b5%b7%e3%81%93%e3%81%a3%e3%81%9f%ef%bc%9f-%e3%80%8c%e3%83%9c%e3%83%ab%e3%83%88%e3%82%82%e6%bf%80%e7%aa%81%e3%81%95%e3%82%8c%e3%81%a6%e3%81%84%e3%81%9f%e3%80%8d%e7%8f%be%e5%a0%b4%e3%81%ae%e3%83%aa%e3%82%a2%e3%83%ab/ar-aax5eol,【担当者コメント】,[담당자]
664,담당자 코멘트,【担当者コメント】,https://saiyo-kakaricho.com/wp/mail-template/,【担当者コメント】,[담당자]
674,담당자 코멘트,【担当者コメント】,https://www.j-cast.com/tv/2022/05/10436948.html,【担当者コメント】,[담당자]
672,담당자 코멘트,【担当者コメント】,https://jinjibu.jp/news/detl/20844/,【担当者コメント】,[담당자]
671,담당자 코멘트,【担当者コメント】,https://www.sanspo.com/pressrelease/atpress/72gzghn6wnnknli2wsf4jmdi3m,【担当者コメント】,[담당자]
670,담당자 코멘트,【担当者コメント】,https://employment.en-japan.com/saiyo/en-tenshoku-novice-staff,【担当者コメント】,[담당자]
669,담당자 코멘트,【担当者コメント】,https://experience.dropbox.com/ja-jp/resources/streamline-creative-process,【担当者コメント】,[담당자]
668,담당자 코멘트,【担当者コメント】,https://natalie.mu/eiga/news/477155,【担当者コメント】,[담당자]
667,담당자 코멘트,【担当者コメント】,https://kahoku.news/release/prw202205100977.html,【担当者コメント】,[담당자]
666,담당자 코멘트,【担当者コメント】,https://www.hannan-u.ac.jp/doctor/business/anjo/n5fenj000004smsy.html,【担当者コメント】,[담당자]
673,담당자 코멘트,【担当者コメント】,https://trafficnews.jp/post/118397,【担当者コメント】,[담당자]
682,담당자 코멘트,【担当者コメント】,https://www.buzzfeed.com/jp/kotahatachi/yoshinoya-recruit-seminar-2,【担当者コメント】,[담당자]
643,담당자 코멘트,【担当者コメント】,https://www.nagano-c.ed.jp/akaho-hs/kadai/kadaituika1.pdf,【担当者コメント】,[담당자]
641,담당자 코멘트,【担当者コメント】,https://www.sublimehome.co.jp/voices/page_184.html,【担当者コメント】,[담당자]
620,담당자 코멘트,【担当者コメント】,https://tenshoku.mynavi.jp/knowhow/caripedia/110/,【担当者コメント】,[담당자]
619,담당자 코멘트,【担当者コメント】,https://recruit.jnto.go.jp/blog/archives/25,【担当者コメント】,[담당자]
618,담당자 코멘트,【担当者コメント】,http://www.yokohama-rf.jp/common/pdf/towntolive.pdf,【担当者コメント】,[담당자]
617,담당자 코멘트,【担当者コメント】,https://books.bunshun.jp/articles/-/5358,【担当者コメント】,[담당자]
616,담당자 코멘트,【担当者コメント】,https://redmine.jp/tech_note/first-step/user/update-issue/,【担当者コメント】,[담당자]
615,담당자 코멘트,【担当者コメント】,https://lucy.ne.jp/bazubu/how-to-setup-wp-users-23705.html,【担当者コメント】,[담당자]
614,담당자 코멘트,【担当者コメント】,https://www.citynetweb.jp/shop/detail/145/voice/detail/3412,【担当者コメント】,[담당자]
621,담당자 코멘트,【担当者コメント】,https://www.city.tsubame.niigata.jp/material/recruit/3/119/20210430134142178.pdf,【担当者コメント】,[담당자]
613,담당자 코멘트,【担当者コメント】,https://gomedia.jp/seo-free-check/,【担当者コメント】,[담당자]
611,담당자 코멘트,【担当者コメント】,https://www.maildealer.jp/column/point/311_proxy.php,【担当者コメント】,[담당자]
610,담당자 코멘트,【担当者コメント】,https://cais.jp/archives/1075,【担当者コメント】,[담당자]
609,담당자 코멘트,【担当者コメント】,https://support.google.com/docs/answer/65129,【担当者コメント】,[담당자]
608,담당자 코멘트,【担当者コメント】,https://www.tbs.co.jp/contact/,【担当者コメント】,[담당자]
607,담당자 코멘트,【担当者コメント】,https://www.cosmo-home.co.jp/voice/page_243.html,【担当者コメント】,[담당자]
606,담당자 코멘트,【担当者コメント】,https://help.twitch.tv/s/article/how-to-manage-harassment-in-chat,【担当者コメント】,[담당자]
605,담당자 코멘트,【担当者コメント】,https://debut.shonenmagazine.com/about/index2.html,【担当者コメント】,[담당자]
612,담당자 코멘트,【担当者コメント】,http://www.nihombashi-sr.com/comment,【担当者コメント】,[담당자]
642,담당자 코멘트,【担当者コメント】,https://www.fsa.go.jp/news/28/20160727-3/01.pdf,【担当者コメント】,[담당자]
622,담당자 코멘트,【担当者コメント】,https://www.c21-c.com/voices/page_585.html,【担当者コメント】,[담당자]
624,담당자 코멘트,【担当者コメント】,https://news.yahoo.co.jp/articles/6cb173eaf7fcf25053c536c210c4ecc50247e200,【担当者コメント】,[담당자]
640,담당자 코멘트,【担当者コメント】,https://hanjo.biglobe.ne.jp/it/office60/,【担当者コメント】,[담당자]
639,담당자 코멘트,【担当者コメント】,https://www.obanzai.net/hpgen/hpb/entries/11.html,【担当者コメント】,[담당자]
638,담당자 코멘트,【担当者コメント】,https://twitter.com/t_features/status/1462310248581332992,【担当者コメント】,[담당자]
637,담당자 코멘트,【担当者コメント】,https://www.neweconomy.jp/posts/53558,【担当者コメント】,[담당자]
636,담당자 코멘트,【担当者コメント】,https://daesbo.sp.gov.br/2785fpnue7bcp55c,【担当者コメント】,[담당자]
635,담당자 코멘트,【担当者コメント】,https://hardbloc.fr/28390/934612,【担当者コメント】,[담당자]
634,담당자 코멘트,【担当者コメント】,https://aircourse.com/jinsapo/training-report.html,【担当者コメント】,[담당자]
623,담당자 코멘트,【担当者コメント】,https://www.meti.go.jp/press/2020/03/20210326005/20210326005.html,【担当者コメント】,[담당자]
633,담당자 코멘트,【担当者コメント】,https://medica.messe-dus.co.jp/,【担当者コメント】,[담당자]
631,담당자 코멘트,【担当者コメント】,https://gaiax-socialmedialab.jp/post-30668/,【担当者コメント】,[담당자]
630,담당자 코멘트,【担当者コメント】,http://www.bestland-goko.com/voices/page_122.html,【担当者コメント】,[담당자]
629,담당자 코멘트,【担当者コメント】,https://gachi-matome.com/p-dm-clm-sasaki-02/,【担当者コメント】,[담당자]
628,담당자 코멘트,【担当者コメント】,https://www.comnico.jp/we-love-social/reply-to-comments,【担当者コメント】,[담당자]
627,담당자 코멘트,【担当者コメント】,https://lbunko.kadokawa.co.jp/special/award2_winner.html,【担当者コメント】,[담당자]
626,담당자 코멘트,【担当者コメント】,http://www.pasocoop.org/textmt/text/920/20-5/,【担当者コメント】,[담당자]
625,담당자 코멘트,【担当者コメント】,https://ai-con-pro.com/magazine/report/202007171302/,【担当者コメント】,[담당자]
632,담당자 코멘트,【担当者コメント】,https://www.animatetimes.com/news/img.php,【担当者コメント】,[담당자]
603,담당자 코멘트,【担当者コメント】,https://smartpr.jp/cases/article/2019comment.html,【担当者コメント】,[담당자]
0,신・영상견문록,【新・映像見聞録 11】,https://www.youtube.com/watch,"【新・映像見聞録 11】城塞高地. 41 views41 views. Apr 12, 2022. 0. Dislike. Share. Save. NEKO KAPI. NEKO KAPI. 120 subscribers. Subscribe.",[새로운 비디오보기 레코드 11] Castle Highlands. 41 Views41보기.
73,신・영상견문록,【新・映像見聞録】,https://db.netkeiba.com/horse/2018105069/,【新・映像見聞録】,[새로운 비디오보기 레코드]
57,신・영상견문록,【新・映像見聞録】,https://nameless-net.com/archives/26258,【新・映像見聞録】,[새로운 비디오보기 레코드]
56,신・영상견문록,【新・映像見聞録】,https://hicbc.com/sports/dragons/article/,【新・映像見聞録】,[새로운 비디오보기 레코드]
55,신・영상견문록,【新・映像見聞録】,https://www.chunichi.co.jp/article/467152,【新・映像見聞録】,[새로운 비디오보기 레코드]
54,신・영상견문록,【新・映像見聞録】,https://mh-movies.com/5463/,【新・映像見聞録】,[새로운 비디오보기 레코드]
53,신・영상견문록,【新・映像見聞録】,https://krsw.5ch.net/test/read.cgi/ghard/1603192362/,【新・映像見聞録】,[새로운 비디오보기 레코드]
52,신・영상견문록,【新・映像見聞録】,https://pttyes.com/mh/m.1649207948.a.811,【新・映像見聞録】,[새로운 비디오보기 레코드]
51,신・영상견문록,【新・映像見聞録】,https://mhrise.more-gamer.com/archives/406,【新・映像見聞録】,[새로운 비디오보기 레코드]
58,신・영상견문록,【新・映像見聞録】,https://www.animatetimes.com/tag/details.php,【新・映像見聞録】,[새로운 비디오보기 레코드]
50,신・영상견문록,【新・映像見聞録】,https://www.kensei-online.com/detail.php,【新・映像見聞録】,[새로운 비디오보기 레코드]
48,신・영상견문록,【新・映像見聞録】,https://monsterhunter.gamedivers.com/archives/84004,【新・映像見聞録】,[새로운 비디오보기 레코드]
46,신・영상견문록,【新・映像見聞録】,https://nameless-net.com/archives/26258,【新・映像見聞録】,[새로운 비디오보기 레코드]
45,신・영상견문록,【新・映像見聞録】,https://hicbc.com/sports/dragons/article/,【新・映像見聞録】,[새로운 비디오보기 레코드]
44,신・영상견문록,【新・映像見聞録】,https://mh-movies.com/5463/,【新・映像見聞録】,[새로운 비디오보기 레코드]
43,신・영상견문록,【新・映像見聞録】,https://mhw.fuguai-online.com/category/%e3%83%a2%e3%83%b3%e3%83%8f%e3%83%b3%e3%83%a9%e3%82%a4%e3%82%ba%e3%83%bb%e3%82%b5%e3%83%b3%e3%83%96%e3%83%ac%e3%82%a4%e3%82%af/page/24/,【新・映像見聞録】,[새로운 비디오보기 레코드]
42,신・영상견문록,【新・映像見聞録】,https://gamestalk.net/post-151481/,【新・映像見聞録】,[새로운 비디오보기 레코드]
41,신・영상견문록,【新・映像見聞録】,https://krsw.5ch.net/test/read.cgi/ghard/1603192362/,【新・映像見聞録】,[새로운 비디오보기 레코드]
49,신・영상견문록,【新・映像見聞録】,https://switchsoku.com/soft/monsterhunter/55489,【新・映像見聞録】,[새로운 비디오보기 레코드]
59,신・영상견문록,【新・映像見聞録】,https://switchsoku.com/soft/monsterhunter/55489,【新・映像見聞録】,[새로운 비디오보기 레코드]
60,신・영상견문록,【新・映像見聞録】,https://txbiz.tv-tokyo.co.jp/,【新・映像見聞録】,[새로운 비디오보기 레코드]
61,신・영상견문록,【新・映像見聞録】,https://news.mynavi.jp/techplus/article/kinmirai-technology-kenbunroku-133/,【新・映像見聞録】,[새로운 비디오보기 레코드]
79,신・영상견문록,【新・映像見聞録】,https://grupomantra.com/views/zzubkrecorgetaks-24368.html,【新・映像見聞録】,[새로운 비디오보기 레코드]
78,신・영상견문록,【新・映像見聞録】,https://audiozoom.com.br/blog/zyxdniwonkenignenedr-25692.html,【新・映像見聞録】,[새로운 비디오보기 레코드]
77,신・영상견문록,【新・映像見聞録】,https://goo.to/curation/756532,【新・映像見聞録】,[새로운 비디오보기 레코드]
76,신・영상견문록,【新・映像見聞録】,https://www.fujisan.co.jp/product/1281702312/b/2054156/,【新・映像見聞録】,[새로운 비디오보기 레코드]
75,신・영상견문록,【新・映像見聞録】,https://www.phongvexunghe.com/56b5phongbdeebc2780456,【新・映像見聞録】,[새로운 비디오보기 레코드]
74,신・영상견문록,【新・映像見聞録】,https://gure55maru.com/2022-5-8%ef%bc%88%e6%97%a5%ef%bc%89%e6%9d%b1%e4%ba%ac%e3%83%bb%e4%b8%ad%e4%ba%ac%e3%83%bb%e6%96%b0%e6%bd%9f%e3%81%ae%e7%8b%99%e3%81%84%e9%a6%ac/,【新・映像見聞録】,[새로운 비디오보기 레코드]
72,신・영상견문록,【新・映像見聞録】,http://xn--eckybzahmsm43ab5g5336c9iug.com/software/monster-hunter/rise/starting-today-at-2300-monster-hunter-rise-sunbreak-special-program-2022-5-10/,【新・映像見聞録】,[새로운 비디오보기 레코드]
71,신・영상견문록,【新・映像見聞録】,https://www.chunichi.co.jp/article/467152,【新・映像見聞録】,[새로운 비디오보기 레코드]
70,신・영상견문록,【新・映像見聞録】,https://hochi.news/articles/20220508-oht1t51178.html,【新・映像見聞録】,[새로운 비디오보기 레코드]
69,신・영상견문록,【新・映像見聞録】,https://sendai.keizai.biz/release/123849/,【新・映像見聞録】,[새로운 비디오보기 레코드]
68,신・영상견문록,【新・映像見聞録】,https://www.yomiuri.co.jp/stream/article/19319/,【新・映像見聞録】,[새로운 비디오보기 레코드]
67,신・영상견문록,【新・映像見聞録】,https://www.okinawatimes.co.jp/articles/-/954601,【新・映像見聞録】,[새로운 비디오보기 레코드]
66,신・영상견문록,【新・映像見聞録】,https://web.ultra-soccer.jp/news/view,【新・映像見聞録】,[새로운 비디오보기 레코드]
65,신・영상견문록,【新・映像見聞録】,https://www.sanspo.com/article/20220511-pwbtf3q3vbmjjgcwd6dg2ixxke/,【新・映像見聞録】,[새로운 비디오보기 레코드]
64,신・영상견문록,【新・映像見聞録】,https://stringfixer.com/tags/%e6%98%a0%e5%83%8f%e8%a6%8b%e8%81%9e%e9%8c%b2,【新・映像見聞録】,[새로운 비디오보기 레코드]
63,신・영상견문록,【新・映像見聞録】,https://cgworld.jp/regular/,【新・映像見聞録】,[새로운 비디오보기 레코드]
62,신・영상견문록,【新・映像見聞録】,http://ebitsu.net/archives/83276543.html,【新・映像見聞録】,[새로운 비디오보기 레코드]
40,신・영상견문록,【新・映像見聞録】,https://pttyes.com/mh/m.1649207948.a.811,【新・映像見聞録】,[새로운 비디오보기 레코드]
39,신・영상견문록,【新・映像見聞録】,https://www.kensei-online.com/detail.php,【新・映像見聞録】,[새로운 비디오보기 레코드]
47,신・영상견문록,【新・映像見聞録】,https://www.animatetimes.com/tag/details.php,【新・映像見聞録】,[새로운 비디오보기 레코드]
37,신・영상견문록,【新・映像見聞録】,https://gamepedia.jp/mh-rise/,【新・映像見聞録】,[새로운 비디오보기 레코드]
17,신・영상견문록,【新・映像見聞録】,https://www.gamer.ne.jp/news/202204210010/,【新・映像見聞録】,[새로운 비디오보기 레코드]
16,신・영상견문록,【新・映像見聞録】,https://article.auone.jp/detail/1/3/7/206_7_r_20220421_1650526232011844,【新・映像見聞録】,[새로운 비디오보기 레코드]
15,신・영상견문록,【新・映像見聞録】,https://mhrise.gamers-labo.com/archives/8992,【新・映像見聞録】,[새로운 비디오보기 레코드]
14,신・영상견문록,【新・映像見聞録】,https://www.inside-games.jp/article/2022/03/30/137508.html,【新・映像見聞録】,[새로운 비디오보기 레코드]
13,신・영상견문록,【新・映像見聞録】,https://www.inside-games.jp/article/2022/05/06/138054.html,【新・映像見聞録】,[새로운 비디오보기 레코드]
12,신・영상견문록,【新・映像見聞録】,https://www.appbank.net/2022/04/19/consumer/2223926.php,【新・映像見聞録】,[새로운 비디오보기 레코드]
38,신・영상견문록,【新・映像見聞録】,https://www.ktv.jp/kenbutsu/,【新・映像見聞録】,[새로운 비디오보기 레코드]
10,신・영상견문록,【新・映像見聞録】,https://nitter.net/i/status/1519617424303304704,【新・映像見聞録】,[새로운 비디오보기 레코드]
9,신・영상견문록,【新・映像見聞録】,https://nitter.net/i/status/1518862450770202624,【新・映像見聞録】,[새로운 비디오보기 레코드]
8,신・영상견문록,【新・映像見聞録】,http://monhan-mhw.com/archives/87976970.html,【新・映像見聞録】,[새로운 비디오보기 레코드]
7,신・영상견문록,【新・映像見聞録】,https://game.watch.impress.co.jp/docs/news/1402956.html,【新・映像見聞録】,[새로운 비디오보기 레코드]
6,신・영상견문록,【新・映像見聞録】,http://moudamepo.com/pick.cgi,【新・映像見聞録】,[새로운 비디오보기 레코드]
5,신・영상견문록,【新・映像見聞録】,https://headtopics.com/jp/2957922269123981209516-25788372,【新・映像見聞録】,[새로운 비디오보기 레코드]
4,신・영상견문록,【新・映像見聞録】,https://www.trendsmap.com/twitter/tweet/1504366937563934723,【新・映像見聞録】,[새로운 비디오보기 레코드]
3,신・영상견문록,【新・映像見聞録】,http://ltsbilisim.com/yazilim/dokumanlar/lotes-domino-degisner.php,【新・映像見聞録】,[새로운 비디오보기 레코드]
2,신・영상견문록,【新・映像見聞録】,https://mh.game-corps.com/archives/204,【新・映像見聞録】,[새로운 비디오보기 레코드]
1,신・영상견문록,【新・映像見聞録】,https://monsterya.com/archives/2022_04_02_28971251/.html,【新・映像見聞録】,[새로운 비디오보기 레코드]
18,신・영상견문록,【新・映像見聞録】,https://www.excite.co.jp/news/article/inside_131265/,【新・映像見聞録】,[새로운 비디오보기 레코드]
19,신・영상견문록,【新・映像見聞録】,https://www.excite.co.jp/news/article/prtimes_2022-04-21-13450-3048/,【新・映像見聞録】,[새로운 비디오보기 레코드]
11,신・영상견문록,【新・映像見聞録】,https://appspark.jp/%e3%80%90mhrise%e3%80%91%e3%80%8c%e6%96%b0%e3%83%bb%e6%98%a0%e5%83%8f%e8%a6%8b%e8%81%9e%e9%8c%b22%e3%80%8d%e3%81%8c%e5%85%ac%e9%96%8b%ef%bc%81%e3%80%80amiibo%e3%81%a7%e6%89%8b%e3%81%ab%e5%85%a5/,【新・映像見聞録】,[새로운 비디오보기 레코드]
21,신・영상견문록,【新・映像見聞録】,https://c.myjcom.jp/jtele/p/j00000006459/,【新・映像見聞録】,[새로운 비디오보기 레코드]
36,신・영상견문록,【新・映像見聞録】,https://www.tss-tv.co.jp/jp/timetable/,【新・映像見聞録】,[새로운 비디오보기 레코드]
20,신・영상견문록,【新・映像見聞録】,https://monsterhunter.5chmap.com/,【新・映像見聞録】,[새로운 비디오보기 레코드]
34,신・영상견문록,【新・映像見聞録】,https://esportscatch.com/matome/337500/,【新・映像見聞録】,[새로운 비디오보기 레코드]
33,신・영상견문록,【新・映像見聞録】,https://monhun.antenna-portal-site.com/archives/19905,【新・映像見聞録】,[새로운 비디오보기 레코드]
32,신・영상견문록,【新・映像見聞録】,https://gameisbest.jp/archives/48534,【新・映像見聞録】,[새로운 비디오보기 레코드]
31,신・영상견문록,【新・映像見聞録】,https://altema.jp/mhrize/,【新・映像見聞録】,[새로운 비디오보기 레코드]
30,신・영상견문록,【新・映像見聞録】,https://7net.omni7.jp/general/005109/1703goripara,【新・映像見聞録】,[새로운 비디오보기 레코드]
35,신・영상견문록,【新・映像見聞録】,https://gamemix.jp/show/64847,【新・映像見聞録】,[새로운 비디오보기 레코드]
23,신・영상견문록,【新・映像見聞録】,https://www.gamespark.jp/article/2022/04/14/117772.html,【新・映像見聞録】,[새로운 비디오보기 레코드]
28,신・영상견문록,【新・映像見聞録】,https://www.cdlages.com.br/agum-cowrites-646/,【新・映像見聞録】,[새로운 비디오보기 레코드]
29,신・영상견문록,【新・映像見聞録】,https://www.mhw-blog.com/monhan-rise/instagram-eizoukenbunroku-haishinbi,【新・映像見聞録】,[새로운 비디오보기 레코드]
27,신・영상견문록,【新・映像見聞録】,https://geeksgeek.net/mhrise-sunbreak-monster/,【新・映像見聞録】,[새로운 비디오보기 레코드]
26,신・영상견문록,【新・映像見聞録】,https://ent.smt.docomo.ne.jp/article/13105620,【新・映像見聞録】,[새로운 비디오보기 레코드]
25,신・영상견문록,【新・映像見聞録】,https://game.4g63evo.net/,【新・映像見聞録】,[새로운 비디오보기 레코드]
24,신・영상견문록,【新・映像見聞録】,https://www.tnc.co.jp/goripara/back-number/index/page:20,【新・映像見聞録】,[새로운 비디오보기 레코드]
22,신・영상견문록,【新・映像見聞録】,https://nintendo-newsoku.com/archives/26693808.html,【新・映像見聞録】,[새로운 비디오보기 레코드]
98,사냥의 인도서,【狩猟の導き書サブレ】,https://mhrmatome.com/archives/5388,【狩猟の導き書サブレ】,[사냥 파생 상품]
99,사냥의 인도서,【狩猟の導き書サブレ】,http://blog.livedoor.jp/m_h_rise/archives/9648516.html,【狩猟の導き書サブレ】,[사냥 파생 상품]
100,사냥의 인도서,【狩猟の導き書サブレ】,https://twitter-video-download.com/tweet/1380068408310390785,【狩猟の導き書サブレ】,[사냥 파생 상품]
88,사냥의 인도서,【狩猟の導き書サブレ】,https://mh.game-corps.com/archives/619,【狩猟の導き書サブレ】,[사냥 파생 상품]
97,사냥의 인도서,【狩猟の導き書サブレ】,https://mhrmatome.com/archives/3583,【狩猟の導き書サブレ】,[사냥 파생 상품]
102,사냥의 인도서,【狩猟の導き書サブレ】,https://mh.game-corps.com/archives/614,【狩猟の導き書サブレ】,[사냥 파생 상품]
103,사냥의 인도서,【狩猟の導き書サブレ】,https://altema.jp/mhrize/,【狩猟の導き書サブレ】,[사냥 파생 상품]
101,사냥의 인도서,【狩猟の導き書サブレ】,https://www.monsterhunter.com/ja/20210202/%e3%83%a2%e3%83%b3%e3%83%8f%e3%83%b3%e3%83%a9%e3%82%a4%e3%82%ba%e3%80%80%e7%8b%a9%e7%8c%9f%e3%81%ae%e5%b0%8e%e3%81%8d%e6%9b%b8/,【狩猟の導き書サブレ】,[사냥 파생 상품]
96,사냥의 인도서,【狩猟の導き書サブレ】,https://monsterhunter.matomegamer.com/rssview/14722,【狩猟の導き書サブレ】,[사냥 파생 상품]
92,사냥의 인도서,【狩猟の導き書サブレ】,https://www.mhw-blog.com/mhrise-sunbreak-info/%e3%82%b5%e3%83%b3%e3%83%96%e3%83%ac%e3%82%a4%e3%82%af%e3%83%a8%e3%83%84%e3%83%9f%e3%83%af%e3%83%89%e3%82%a6%e4%ba%9c%e7%a8%ae%e3%81%a3%e3%81%bd%e3%81%84%e9%9d%92%e3%81%84%e7%94%9f%e7%89%a9,【狩猟の導き書サブレ】,[사냥 파생 상품]
94,사냥의 인도서,【狩猟の導き書サブレ】,https://twfan.net/user/1299150935810162689/new/1,【狩猟の導き書サブレ】,[사냥 파생 상품]
93,사냥의 인도서,【狩猟の導き書サブレ】,https://game8.jp/mhrise/404220,【狩猟の導き書サブレ】,[사냥 파생 상품]
91,사냥의 인도서,【狩猟の導き書サブレ】,https://tgd.kr/s/ddraming/63792370,【狩猟の導き書サブレ】,[사냥 파생 상품]
90,사냥의 인도서,【狩猟の導き書サブレ】,https://www.mhw-blog.com/mhrise-sunbreak-info/%e3%83%a8%e3%83%a2%e3%82%ae%e3%81%a1%e3%82%83%e3%82%93%e3%81%a8%e3%83%81%e3%83%83%e3%83%81%e3%82%a7%e5%a7%ab%e3%81%ae%e5%a7%89%e5%a6%b9%e8%aa%ac,【狩猟の導き書サブレ】,[사냥 파생 상품]
89,사냥의 인도서,【狩猟の導き書サブレ】,https://xsionx.com/antena/post-16708/,【狩猟の導き書サブレ】,[사냥 파생 상품]
87,사냥의 인도서,【狩猟の導き書サブレ】,https://gameleaks.org/game/archives/26422,【狩猟の導き書サブレ】,[사냥 파생 상품]
104,사냥의 인도서,【狩猟の導き書サブレ】,https://bbs.animanch.com/board/507823/,【狩猟の導き書サブレ】,[사냥 파생 상품]
95,사냥의 인도서,【狩猟の導き書サブレ】,https://comedydouga.com/apexlegends/2022/04/15/676145/,【狩猟の導き書サブレ】,[사냥 파생 상품]
105,사냥의 인도서,【狩猟の導き書サブレ】,https://arremate.leiloesweb.com.br/help,【狩猟の導き書サブレ】,[사냥 파생 상품]
112,사냥의 인도서,【狩猟の導き書サブレ】,https://edayfm.com/post/t1448242117055324162/,【狩猟の導き書サブレ】,[사냥 파생 상품]
107,사냥의 인도서,【狩猟の導き書サブレ】,https://gamewith.jp/mhrize/article/show/295191,【狩猟の導き書サブレ】,[사냥 파생 상품]
106,사냥의 인도서,【狩猟の導き書サブレ】,https://grand-things.info/category/%e3%83%a2%e3%83%b3%e3%83%8f%e3%83%b3rise,【狩猟の導き書サブレ】,[사냥 파생 상품]
117,사냥의 인도서,【狩猟の導き書サブレ】,https://mhrise.more-gamer.com/archives/2717,【狩猟の導き書サブレ】,[사냥 파생 상품]
82,사냥의 인도서,【狩猟の導き書サブレ】,https://appspark.jp/%e3%80%90mhrise%e3%80%911%e6%9c%88%e3%82%88%e3%82%8a%e7%8b%a9%e7%8c%9f%e3%81%ae%e5%b0%8e%e3%81%8d%e6%9b%b8%e3%81%ae%e3%82%b5%e3%83%b3%e3%83%96%e3%83%ac%e3%82%a4%e3%82%af%e7%b7%a8%e3%80%8c%e7%8b%a9/,【狩猟の導き書サブレ】,[사냥 파생 상품]
83,사냥의 인도서,【狩猟の導き書サブレ】,https://monhun.antenna-portal-site.com/archives/16866,【狩猟の導き書サブレ】,[사냥 파생 상품]
84,사냥의 인도서,【狩猟の導き書サブレ】,https://monsterhunter.gamedivers.com/archives/85402,【狩猟の導き書サブレ】,[사냥 파생 상품]
85,사냥의 인도서,【狩猟の導き書サブレ】,https://game.4g63evo.net/,【狩猟の導き書サブレ】,[사냥 파생 상품]
86,사냥의 인도서,【狩猟の導き書サブレ】,https://mhrise.gamers-labo.com/archives/9881,【狩猟の導き書サブレ】,[사냥 파생 상품]
116,사냥의 인도서,【狩猟の導き書サブレ】,https://matome-antenna.com/mhrise/archives/16536,【狩猟の導き書サブレ】,[사냥 파생 상품]
81,사냥의 인도서,【狩猟の導き書サブレ】,https://www.trendsmap.com/twitter/tweet/1468535833804230656,【狩猟の導き書サブレ】,[사냥 파생 상품]
114,사냥의 인도서,【狩猟の導き書サブレ】,http://www.twtimez.net/history/history1387360950429306883.html,【狩猟の導き書サブレ】,[사냥 파생 상품]
113,사냥의 인도서,【狩猟の導き書サブレ】,https://monsterya.com/archives/2021_02_28_25710602/.html,【狩猟の導き書サブレ】,[사냥 파생 상품]
111,사냥의 인도서,【狩猟の導き書サブレ】,https://www.excite.co.jp/news/article/inside_133136/,【狩猟の導き書サブレ】,[사냥 파생 상품]
110,사냥의 인도서,【狩猟の導き書サブレ】,https://ja.whotwi.com/hn_mafty/tweets/hashtag/%e3%83%a2%e3%83%b3%e3%83%8f%e3%83%b3,【狩猟の導き書サブレ】,[사냥 파생 상품]
109,사냥의 인도서,【狩猟の導き書サブレ】,http://mhw.2chblog.jp/archives/30607013.html,【狩猟の導き書サブレ】,[사냥 파생 상품]
115,사냥의 인도서,【狩猟の導き書サブレ】,https://game.watch.impress.co.jp/docs/news/1314311.html,【狩猟の導き書サブレ】,[사냥 파생 상품]
108,사냥의 인도서,【狩猟の導き書サブレ】,https://www.inside-games.jp/article/2021/06/25/133136.html,【狩猟の導き書サブレ】,[사냥 파생 상품]
80,사냥의 인도서,タイトルも「狩猟の導き書サブレ」として一新！ほどよいくらいの情報を年始から、できるだけ毎週更新でやっていきたいという気持ちでいっぱいです。 仕事 ...】,https://twitter.com/mh_rise_jp/status/1474311385832046595,タイトルも「狩猟の導き書サブレ」として一新！ほどよいくらいの情報を年始から、できるだけ毎週更新でやっていきたいという気持ちでいっぱいです。 仕事 ...,"제목은 또한 ""사냥 문서 Sable""으로 갱신됩니다!연초부터 연초부터 가능한 한 많이 업데이트하고 싶습니다.일하다 ..."
366,디렉터 스즈키입니다.,ディレクターの鈴木です。,https://www.direkyo.com/report/0dir-design,ディレクターの鈴木です。,"저는 스즈키, 감독입니다."
367,디렉터 스즈키입니다.,ディレクターの鈴木です。,https://qonversations.net/interview/737/,ディレクターの鈴木です。,"저는 스즈키, 감독입니다."
368,디렉터 스즈키입니다.,ディレクターの鈴木です。,https://idea-plus.co.jp/%e8%aa%ad%e3%81%bf%e7%89%a9/2982/,ディレクターの鈴木です。,"저는 스즈키, 감독입니다."
369,디렉터 스즈키입니다.,ディレクターの鈴木です。,https://www.pronews.jp/special/202107191400207981.html,ディレクターの鈴木です。,"저는 스즈키, 감독입니다."
370,디렉터 스즈키입니다.,ディレクターの鈴木です。,https://www.appleple.com/blog/marketing/mautic2016.html,ディレクターの鈴木です。,"저는 스즈키, 감독입니다."
374,디렉터 스즈키입니다.,ディレクターの鈴木です。,https://www.iwate-ilc.jp/ilc-supporters/supportersvoice1/,ディレクターの鈴木です。,"저는 스즈키, 감독입니다."
372,디렉터 스즈키입니다.,ディレクターの鈴木です。,https://creativity-class.xyz/report/career_art_director/,ディレクターの鈴木です。,"저는 스즈키, 감독입니다."
373,디렉터 스즈키입니다.,ディレクターの鈴木です。,https://www.edomtt.co.jp/blog_tag/tag001/,ディレクターの鈴木です。,"저는 스즈키, 감독입니다."
375,디렉터 스즈키입니다.,ディレクターの鈴木です。,https://reibola.com/column/post4256/,ディレクターの鈴木です。,"저는 스즈키, 감독입니다."
376,디렉터 스즈키입니다.,ディレクターの鈴木です。,https://markezine.jp/article/detail/35089,ディレクターの鈴木です。,"저는 스즈키, 감독입니다."
377,디렉터 스즈키입니다.,ディレクターの鈴木です。,https://kadobun.jp/reviews/1p2dt3oynmg0.html,ディレクターの鈴木です。,"저는 스즈키, 감독입니다."
378,디렉터 스즈키입니다.,ディレクターの鈴木です。,https://moviewalker.jp/news/article/1026705/,ディレクターの鈴木です。,"저는 스즈키, 감독입니다."
371,디렉터 스즈키입니다.,ディレクターの鈴木です。,https://prtimes.jp/main/html/rd/p/000000039.000016963.html,ディレクターの鈴木です。,"저는 스즈키, 감독입니다."
364,디렉터 스즈키입니다.,ディレクターの鈴木です。,https://f-challengelife.info/archives/area_director_prof/%e5%9c%b0%e5%9f%9f%e3%83%87%e3%82%a3%e3%83%ac%e3%82%af%e3%82%bf%e3%83%bc%e3%80%80%e9%88%b4%e6%9c%a8%e3%80%80%e7%bf%94%e7%91%9b%e3%81%95%e3%82%93/,ディレクターの鈴木です。,"저는 스즈키, 감독입니다."
355,디렉터 스즈키입니다.,ディレクターの鈴木です。,https://www.asahi.co.jp/ohaasa/week/cast/,ディレクターの鈴木です。,"저는 스즈키, 감독입니다."
362,디렉터 스즈키입니다.,ディレクターの鈴木です。,https://context.reverso.net/translation/japanese-english/%e7%90%86%e4%ba%8b,ディレクターの鈴木です。,"저는 스즈키, 감독입니다."
348,디렉터 스즈키입니다.,ディレクターの鈴木です。,https://artscouncil-shizuoka.jp/column/3/,ディレクターの鈴木です。,"저는 스즈키, 감독입니다."
349,디렉터 스즈키입니다.,ディレクターの鈴木です。,https://sinap.jp/blog/2017/03/201703-director-interview.html,ディレクターの鈴木です。,"저는 스즈키, 감독입니다."
379,디렉터 스즈키입니다.,ディレクターの鈴木です。,https://aco-tokyo.com/journal/artdirector-tsuraiyo-2/,ディレクターの鈴木です。,"저는 스즈키, 감독입니다."
350,디렉터 스즈키입니다.,ディレクターの鈴木です。,https://ilcsupporters.jp/2018-05-14_news/,ディレクターの鈴木です。,"저는 스즈키, 감독입니다."
351,디렉터 스즈키입니다.,ディレクターの鈴木です。,https://www.joqr.co.jp/qr/article/19175/,ディレクターの鈴木です。,"저는 스즈키, 감독입니다."
352,디렉터 스즈키입니다.,ディレクターの鈴木です。,https://www.asahi.co.jp/ohaasa/week/cast/,ディレクターの鈴木です。,"저는 스즈키, 감독입니다."
363,디렉터 스즈키입니다.,ディレクターの鈴木です。,https://shigoto100.com/event/20190627,ディレクターの鈴木です。,"저는 스즈키, 감독입니다."
353,디렉터 스즈키입니다.,ディレクターの鈴木です。,https://omoharareal.com/navi/column/detail/1101,ディレクターの鈴木です。,"저는 스즈키, 감독입니다."
356,디렉터 스즈키입니다.,ディレクターの鈴木です。,https://omoharareal.com/navi/column/detail/1101,ディレクターの鈴木です。,"저는 스즈키, 감독입니다."
357,디렉터 스즈키입니다.,ディレクターの鈴木です。,https://animeanime.jp/article/2013/05/22/14132.html,ディレクターの鈴木です。,"저는 스즈키, 감독입니다."
358,디렉터 스즈키입니다.,ディレクターの鈴木です。,https://www.marv.jp/blog_archives/arcrise/arcrise_658.html,ディレクターの鈴木です。,"저는 스즈키, 감독입니다."
359,디렉터 스즈키입니다.,ディレクターの鈴木です。,https://www.lyzon.co.jp/blog/2020/20200522_how-to-sell-bananas-on-the-street/,ディレクターの鈴木です。,"저는 스즈키, 감독입니다."
360,디렉터 스즈키입니다.,ディレクターの鈴木です。,https://news.mynavi.jp/article/20170311-a101/,ディレクターの鈴木です。,"저는 스즈키, 감독입니다."
361,디렉터 스즈키입니다.,ディレクターの鈴木です。,https://www.pen-online.jp/article/008792.html,ディレクターの鈴木です。,"저는 스즈키, 감독입니다."
354,디렉터 스즈키입니다.,ディレクターの鈴木です。,https://animeanime.jp/article/2013/05/22/14132.html,ディレクターの鈴木です。,"저는 스즈키, 감독입니다."
380,디렉터 스즈키입니다.,ディレクターの鈴木です。,https://www.esz.co.jp/blog/2880.html,ディレクターの鈴木です。,"저는 스즈키, 감독입니다."
341,디렉터 스즈키입니다.,ディレクターの鈴木です。,https://www.green-japan.com/job/106013,ディレクターの鈴木です。,"저는 스즈키, 감독입니다."
382,디렉터 스즈키입니다.,ディレクターの鈴木です。,https://funglr.games/ja/event/monster-hunter-rise-sunbreak-sp-may2022/,ディレクターの鈴木です。,"저는 스즈키, 감독입니다."
402,디렉터 스즈키입니다.,ディレクターの鈴木です。,https://www.targma.jp/js/2022/05/06/post5826/,ディレクターの鈴木です。,"저는 스즈키, 감독입니다."
403,디렉터 스즈키입니다.,ディレクターの鈴木です。,https://www.fujisan.co.jp/product/1281679625/b/2237250/,ディレクターの鈴木です。,"저는 스즈키, 감독입니다."
404,디렉터 스즈키입니다.,ディレクターの鈴木です。,https://www.sankei.com/pressrelease/prtimes/nfnifmp6gvijraraa7q5bsvbfm,ディレクターの鈴木です。,"저는 스즈키, 감독입니다."
405,디렉터 스즈키입니다.,ディレクターの鈴木です。,https://www.tv-tokyo.co.jp/plus/business/entry/2022/025954.html,ディレクターの鈴木です。,"저는 스즈키, 감독입니다."
406,디렉터 스즈키입니다.,ディレクターの鈴木です。,https://realsound.jp/movie/2022/05/post-1026680.html,ディレクターの鈴木です。,"저는 스즈키, 감독입니다."
407,디렉터 스즈키입니다.,ディレクターの鈴木です。,https://www.sanspo.com/pressrelease/atpress/72gzghn6wnnknli2wsf4jmdi3m,ディレクターの鈴木です。,"저는 스즈키, 감독입니다."
401,디렉터 스즈키입니다.,ディレクターの鈴木です。,https://news.nifty.com/article/entame/showbizd/12278-1623454/,ディレクターの鈴木です。,"저는 스즈키, 감독입니다."
408,디렉터 스즈키입니다.,ディレクターの鈴木です。,https://diamond.jp/articles/-/302643,ディレクターの鈴木です。,"저는 스즈키, 감독입니다."
410,디렉터 스즈키입니다.,ディレクターの鈴木です。,https://www.atpress.ne.jp/news/309593,ディレクターの鈴木です。,"저는 스즈키, 감독입니다."
411,디렉터 스즈키입니다.,ディレクターの鈴木です。,https://jp.reuters.com/article/eurozone-economy-businesssentiment-idjpkcn2mv0mr,ディレクターの鈴木です。,"저는 스즈키, 감독입니다."
412,디렉터 스즈키입니다.,ディレクターの鈴木です。,https://toyokeizai.net/articles/-/583878,ディレクターの鈴木です。,"저는 스즈키, 감독입니다."
413,디렉터 스즈키입니다.,ディレクターの鈴木です。,https://news.goo.ne.jp/article/sponichi/entertainment/sponichi-spngoo-20220506-0183.html,ディレクターの鈴木です。,"저는 스즈키, 감독입니다."
414,디렉터 스즈키입니다.,ディレクターの鈴木です。,https://www.surfnews.jp/news_topics/news/55303/,ディレクターの鈴木です。,"저는 스즈키, 감독입니다."
347,디렉터 스즈키입니다.,ディレクターの鈴木です。,https://www.city.makinohara.shizuoka.jp/uploaded/attachment/33348.pdf,ディレクターの鈴木です。,"저는 스즈키, 감독입니다."
409,디렉터 스즈키입니다.,ディレクターの鈴木です。,https://www.atpress.ne.jp/news/308146,ディレクターの鈴木です。,"저는 스즈키, 감독입니다."
400,디렉터 스즈키입니다.,ディレクターの鈴木です。,https://www.gqjapan.jp/cars/article/20220510-land-rover-range-rover-ogawa,ディレクターの鈴木です。,"저는 스즈키, 감독입니다."
399,디렉터 스즈키입니다.,ディレクターの鈴木です。,https://kai-you.net/article/83556/page/3,ディレクターの鈴木です。,"저는 스즈키, 감독입니다."
398,디렉터 스즈키입니다.,ディレクターの鈴木です。,https://www.animatetimes.com/news/details.php,ディレクターの鈴木です。,"저는 스즈키, 감독입니다."
383,디렉터 스즈키입니다.,ディレクターの鈴木です。,https://dime.jp/genre/1368303/,ディレクターの鈴木です。,"저는 스즈키, 감독입니다."
384,디렉터 스즈키입니다.,ディレクターの鈴木です。,https://www.bsfuji.tv/noubellshow/,ディレクターの鈴木です。,"저는 스즈키, 감독입니다."
385,디렉터 스즈키입니다.,ディレクターの鈴木です。,https://www.tohostage.com/spirited_away/,ディレクターの鈴木です。,"저는 스즈키, 감독입니다."
386,디렉터 스즈키입니다.,ディレクターの鈴木です。,https://news.merumo.ne.jp/article/genre/11747106,ディレクターの鈴木です。,"저는 스즈키, 감독입니다."
387,디렉터 스즈키입니다.,ディレクターの鈴木です。,https://iphone-mania.jp/news-453986/,ディレクターの鈴木です。,"저는 스즈키, 감독입니다."
388,디렉터 스즈키입니다.,ディレクターの鈴木です。,http://www.elhourriya.net/juvenile1hw-2eolzwsr2.html,ディレクターの鈴木です。,"저는 스즈키, 감독입니다."
389,디렉터 스즈키입니다.,ディレクターの鈴木です。,https://www.excite.co.jp/news/article/funglrgames_20220597495/,ディレクターの鈴木です。,"저는 스즈키, 감독입니다."
390,디렉터 스즈키입니다.,ディレクターの鈴木です。,https://www.monsterhunter.com/mhb/dev_report/,ディレクターの鈴木です。,"저는 스즈키, 감독입니다."
391,디렉터 스즈키입니다.,ディレクターの鈴木です。,https://jbpress.ismedia.jp/articles/-/70000,ディレクターの鈴木です。,"저는 스즈키, 감독입니다."
392,디렉터 스즈키입니다.,ディレクターの鈴木です。,https://plus.tver.jp/news/yomitv_116559/detail/,ディレクターの鈴木です。,"저는 스즈키, 감독입니다."
393,디렉터 스즈키입니다.,ディレクターの鈴木です。,https://number.bunshun.jp/articles/-/853020,ディレクターの鈴木です。,"저는 스즈키, 감독입니다."
394,디렉터 스즈키입니다.,ディレクターの鈴木です。,https://www.tv-osaka.co.jp/onair/detail/oaid=2066895/,ディレクターの鈴木です。,"저는 스즈키, 감독입니다."
395,디렉터 스즈키입니다.,ディレクターの鈴木です。,https://www.sponichi.co.jp/entertainment/news/2022/05/03/kiji/20220503s00041000331000c.html,ディレクターの鈴木です。,"저는 스즈키, 감독입니다."
396,디렉터 스즈키입니다.,ディレクターの鈴木です。,https://www.sakigake.jp/news/article/20220509or0091/,ディレクターの鈴木です。,"저는 스즈키, 감독입니다."
397,디렉터 스즈키입니다.,ディレクターの鈴木です。,https://www.jiji.com/jc/article,ディレクターの鈴木です。,"저는 스즈키, 감독입니다."
381,디렉터 스즈키입니다.,ディレクターの鈴木です。,https://www.concentinc.jp/design_research/2017/10/media-thinking/,ディレクターの鈴木です。,"저는 스즈키, 감독입니다."
346,디렉터 스즈키입니다.,ディレクターの鈴木です。,http://successnet.bni.jp/375/,ディレクターの鈴木です。,"저는 스즈키, 감독입니다."
320,디렉터 스즈키입니다.,ディレクターの鈴木です。,https://cado.com/pages/about-ichiro_yamaguchi_2,ディレクターの鈴木です。,"저는 스즈키, 감독입니다."
344,디렉터 스즈키입니다.,ディレクターの鈴木です。,https://www.zakzak.co.jp/ent/news/190829/enn1908290012-n1.html,ディレクターの鈴木です。,"저는 스즈키, 감독입니다."
273,디렉터 스즈키입니다.,ディレクターの鈴木です。,https://next.rikunabi.com/shintenchi/cr_02.html,ディレクターの鈴木です。,"저는 스즈키, 감독입니다."
274,디렉터 스즈키입니다.,ディレクターの鈴木です。,https://www.13hw.com/interview_pro/senpai_adv_suzuki_yasuyuki.html,ディレクターの鈴木です。,"저는 스즈키, 감독입니다."
275,디렉터 스즈키입니다.,ディレクターの鈴木です。,https://xn--gdkl0dubtwb7e.net/57385,ディレクターの鈴木です。,"저는 스즈키, 감독입니다."
345,디렉터 스즈키입니다.,ディレクターの鈴木です。,https://www.scottcounty.net/administrator/components/com_simplephotogallery/lib/uploadfile.php,ディレクターの鈴木です。,"저는 스즈키, 감독입니다."
277,디렉터 스즈키입니다.,ディレクターの鈴木です。,https://www2.deloitte.com/jp/ja/profiles/audit/tetsuyasuzuki.html,ディレクターの鈴木です。,"저는 스즈키, 감독입니다."
278,디렉터 스즈키입니다.,ディレクターの鈴木です。,https://sumau.com/2021-n/article/2125,ディレクターの鈴木です。,"저는 스즈키, 감독입니다."
279,디렉터 스즈키입니다.,ディレクターの鈴木です。,https://corporate.coincheck.com/recruit/culture/people,ディレクターの鈴木です。,"저는 스즈키, 감독입니다."
280,디렉터 스즈키입니다.,ディレクターの鈴木です。,https://www.hakuaisha.jp/company/staff/suzuki/,ディレクターの鈴木です。,"저는 스즈키, 감독입니다."
281,디렉터 스즈키입니다.,ディレクターの鈴木です。,https://www.instagram.com/tv_asahipro_saiyo/,ディレクターの鈴木です。,"저는 스즈키, 감독입니다."
272,디렉터 스즈키입니다.,ディレクターの鈴木です。,https://beauty.hotpepper.jp/slnh000073975/blog/t000738773/,ディレクターの鈴木です。,"저는 스즈키, 감독입니다."
282,디렉터 스즈키입니다.,ディレクターの鈴木です。,http://corp.schoo.jp/2019/08/article01/,ディレクターの鈴木です。,"저는 스즈키, 감독입니다."
284,디렉터 스즈키입니다.,ディレクターの鈴木です。,https://www.sony.jp/home-theater/review/game/,ディレクターの鈴木です。,"저는 스즈키, 감독입니다."
285,디렉터 스즈키입니다.,ディレクターの鈴木です。,https://www.gamespark.jp/article/2022/02/24/116306.html,ディレクターの鈴木です。,"저는 스즈키, 감독입니다."
286,디렉터 스즈키입니다.,ディレクターの鈴木です。,https://jp.linkedin.com/in/takeshi-suzuki-0676aa106,ディレクターの鈴木です。,"저는 스즈키, 감독입니다."
287,디렉터 스즈키입니다.,ディレクターの鈴木です。,https://www.moshimo.net/2021/05/5887/,ディレクターの鈴木です。,"저는 스즈키, 감독입니다."
288,디렉터 스즈키입니다.,ディレクターの鈴木です。,https://bbs.animanch.com/board/195612/,ディレクターの鈴木です。,"저는 스즈키, 감독입니다."
289,디렉터 스즈키입니다.,ディレクターの鈴木です。,https://www2.ctv.co.jp/anacarte/2019/04/17/2804/index.html,ディレクターの鈴木です。,"저는 스즈키, 감독입니다."
290,디렉터 스즈키입니다.,ディレクターの鈴木です。,https://www.styliste.com/interviews/2,ディレクターの鈴木です。,"저는 스즈키, 감독입니다."
291,디렉터 스즈키입니다.,ディレクターの鈴木です。,https://www.tfm.co.jp/asemamire/index.php,ディレクターの鈴木です。,"저는 스즈키, 감독입니다."
292,디렉터 스즈키입니다.,ディレクターの鈴木です。,https://saitamatriennale.jp/event/2072.html,ディレクターの鈴木です。,"저는 스즈키, 감독입니다."
283,디렉터 스즈키입니다.,ディレクターの鈴木です。,https://www.izumo-sosai.jp/east/blog.html,ディレクターの鈴木です。,"저는 스즈키, 감독입니다."
271,디렉터 스즈키입니다.,ディレクターの鈴木です。,https://secure-media.collegeboard.org/secure/ap/audio/japanese/html/ap-2016-japanese-language-conversation-script.html,ディレクターの鈴木です。,"저는 스즈키, 감독입니다."
270,디렉터 스즈키입니다.,ディレクターの鈴木です。,https://www.beams.co.jp/staff/948/,ディレクターの鈴木です。,"저는 스즈키, 감독입니다."
269,디렉터 스즈키입니다.,ディレクターの鈴木です。,https://www.kayac.com/team/suzuki-kenichi,ディレクターの鈴木です。,"저는 스즈키, 감독입니다."
248,디렉터 스즈키입니다.,ディレクターの鈴木です。,https://twitter.com/mh_rise_jp/status/1498968862158737408,ディレクターの鈴木です。,"저는 스즈키, 감독입니다."
249,디렉터 스즈키입니다.,ディレクターの鈴木です。,https://twitter.com/mh_rise_jp/status/1478682690043854849,ディレクターの鈴木です。,"저는 스즈키, 감독입니다."
250,디렉터 스즈키입니다.,ディレクターの鈴木です。,https://moudamepo.com/pick.cgi,ディレクターの鈴木です。,"저는 스즈키, 감독입니다."
251,디렉터 스즈키입니다.,ディレクターの鈴木です。,https://photo.smileheart.net/mhr/22243/,ディレクターの鈴木です。,"저는 스즈키, 감독입니다."
252,디렉터 스즈키입니다.,ディレクターの鈴木です。,https://photo.smileheart.net/mhr/20790/,ディレクターの鈴木です。,"저는 스즈키, 감독입니다."
253,디렉터 스즈키입니다.,ディレクターの鈴木です。,http://mhw.2chblog.jp/archives/31033859.html,ディレクターの鈴木です。,"저는 스즈키, 감독입니다."
254,디렉터 스즈키입니다.,ディレクターの鈴木です。,https://www.trendsmap.com/twitter/tweet/1521799296294735872,ディレクターの鈴木です。,"저는 스즈키, 감독입니다."
255,디렉터 스즈키입니다.,ディレクターの鈴木です。,https://rou-co.com/staff/suzuki_takaaki.html,ディレクターの鈴木です。,"저는 스즈키, 감독입니다."
256,디렉터 스즈키입니다.,ディレクターの鈴木です。,https://monsterhunter.5chmap.com/,ディレクターの鈴木です。,"저는 스즈키, 감독입니다."
257,디렉터 스즈키입니다.,ディレクターの鈴木です。,https://www.kai-group.com/products/kamisori/product/auger/auger-mag/yuichirookada_yosuzuki.html,ディレクターの鈴木です。,"저는 스즈키, 감독입니다."
258,디렉터 스즈키입니다.,ディレクターの鈴木です。,https://www.denon.jp/ja-jp/blog/10954/,ディレクターの鈴木です。,"저는 스즈키, 감독입니다."
259,디렉터 스즈키입니다.,ディレクターの鈴木です。,https://www.eion.co.jp/,ディレクターの鈴木です。,"저는 스즈키, 감독입니다."
260,디렉터 스즈키입니다.,ディレクターの鈴木です。,https://www.pinterest.com/pin/530932243552874389/,ディレクターの鈴木です。,"저는 스즈키, 감독입니다."
261,디렉터 스즈키입니다.,ディレクターの鈴木です。,https://www.nzu.ac.jp/graduated-students/designer/suzuki_y/,ディレクターの鈴木です。,"저는 스즈키, 감독입니다."
262,디렉터 스즈키입니다.,ディレクターの鈴木です。,https://geekpictures.co.jp/service/directors/3519/,ディレクターの鈴木です。,"저는 스즈키, 감독입니다."
263,디렉터 스즈키입니다.,ディレクターの鈴木です。,https://ga-m.com/n/monster-hunter-rise-irotigai-tengu-bisyutengo-asyu/,ディレクターの鈴木です。,"저는 스즈키, 감독입니다."
264,디렉터 스즈키입니다.,ディレクターの鈴木です。,http://tetsupro.co.jp/business/,ディレクターの鈴木です。,"저는 스즈키, 감독입니다."
265,디렉터 스즈키입니다.,ディレクターの鈴木です。,https://mhmatome.com/,ディレクターの鈴木です。,"저는 스즈키, 감독입니다."
266,디렉터 스즈키입니다.,ディレクターの鈴木です。,https://www.inside-games.jp/article/2022/05/06/138054.html,ディレクターの鈴木です。,"저는 스즈키, 감독입니다."
267,디렉터 스즈키입니다.,ディレクターの鈴木です。,https://www.nintendo.co.jp/ds/interview/betj/vol1/index.html,ディレクターの鈴木です。,"저는 스즈키, 감독입니다."
268,디렉터 스즈키입니다.,ディレクターの鈴木です。,https://www.lancers.jp/profile/suzuki_yuuta/proposal,ディレクターの鈴木です。,"저는 스즈키, 감독입니다."
293,디렉터 스즈키입니다.,ディレクターの鈴木です。,https://news.yahoo.co.jp/articles/d16b57a4cc4d412684ef2f98027ed9f05201f349,ディレクターの鈴木です。,"저는 스즈키, 감독입니다."
294,디렉터 스즈키입니다.,ディレクターの鈴木です。,https://en-jp.wantedly.com/stories/s/company_6647790,ディレクターの鈴木です。,"저는 스즈키, 감독입니다."
276,디렉터 스즈키입니다.,ディレクターの鈴木です。,https://www.unionnet.jp/company/suzuki/,ディレクターの鈴木です。,"저는 스즈키, 감독입니다."
296,디렉터 스즈키입니다.,ディレクターの鈴木です。,https://beauty.rakuten.co.jp/stf0180924/,ディレクターの鈴木です。,"저는 스즈키, 감독입니다."
323,디렉터 스즈키입니다.,ディレクターの鈴木です。,https://graphpaper-tokyo.com/blogs/stories/2020-10-31,ディレクターの鈴木です。,"저는 스즈키, 감독입니다."
324,디렉터 스즈키입니다.,ディレクターの鈴木です。,http://www.creators-station.jp/interview/curiousity/140021,ディレクターの鈴木です。,"저는 스즈키, 감독입니다."
325,디렉터 스즈키입니다.,ディレクターの鈴木です。,https://game-creators.camp/@ttsyszk1973,ディレクターの鈴木です。,"저는 스즈키, 감독입니다."
326,디렉터 스즈키입니다.,ディレクターの鈴木です。,"https://tr-ex.me/%e7%bf%bb%e8%a8%b3/%e8%8b%b1%e8%aa%9e-%e6%97%a5%e6%9c%ac%e8%aa%9e/suzuki+,+representative+director",ディレクターの鈴木です。,"저는 스즈키, 감독입니다."
327,디렉터 스즈키입니다.,ディレクターの鈴木です。,https://ameblo.jp/warawareruonna/entry-12196141497.html,ディレクターの鈴木です。,"저는 스즈키, 감독입니다."
328,디렉터 스즈키입니다.,ディレクターの鈴木です。,https://oceans.tokyo.jp/article/detail/26850,ディレクターの鈴木です。,"저는 스즈키, 감독입니다."
329,디렉터 스즈키입니다.,ディレクターの鈴木です。,https://www.barneys.co.jp/womens/from-the-fashion-office/perfect-pieces-by-barneys-womens-fashion-director.html,ディレクターの鈴木です。,"저는 스즈키, 감독입니다."
330,디렉터 스즈키입니다.,ディレクターの鈴木です。,https://www.1101.com/n/s/14editors/tetsuya_suzuki,ディレクターの鈴木です。,"저는 스즈키, 감독입니다."
331,디렉터 스즈키입니다.,ディレクターの鈴木です。,https://advanced.massmedian.co.jp/article/detail/id=4523,ディレクターの鈴木です。,"저는 스즈키, 감독입니다."
322,디렉터 스즈키입니다.,ディレクターの鈴木です。,https://crossroad.recruitment.jp/career/job/,ディレクターの鈴木です。,"저는 스즈키, 감독입니다."
332,디렉터 스즈키입니다.,ディレクターの鈴木です。,https://blog.ja.playstation.com/2015/01/29/20150129_bladestorm/,ディレクターの鈴木です。,"저는 스즈키, 감독입니다."
334,디렉터 스즈키입니다.,ディレクターの鈴木です。,https://www.capcom.co.jp/sound/topics/mhst2_interview/,ディレクターの鈴木です。,"저는 스즈키, 감독입니다."
335,디렉터 스즈키입니다.,ディレクターの鈴木です。,https://note.com/funkyhoshi/archives/2021/06,ディレクターの鈴木です。,"저는 스즈키, 감독입니다."
336,디렉터 스즈키입니다.,ディレクターの鈴木です。,https://www.cover-s.jp/oomiya/_blog/suzuki/,ディレクターの鈴木です。,"저는 스즈키, 감독입니다."
337,디렉터 스즈키입니다.,ディレクターの鈴木です。,https://www.advertimes.com/20140717/article164318/,ディレクターの鈴木です。,"저는 스즈키, 감독입니다."
295,디렉터 스즈키입니다.,ディレクターの鈴木です。,https://www.jgto.org/tournament/580/news/10201,ディレクターの鈴木です。,"저는 스즈키, 감독입니다."
339,디렉터 스즈키입니다.,ディレクターの鈴木です。,https://employment.en-japan.com/desc_54442/,ディレクターの鈴木です。,"저는 스즈키, 감독입니다."
340,디렉터 스즈키입니다.,ディレクターの鈴木です。,https://www.nyny.co.jp/salon/112604/staff/10038/,ディレクターの鈴木です。,"저는 스즈키, 감독입니다."
342,디렉터 스즈키입니다.,ディレクターの鈴木です。,https://www.tv-asahi.co.jp/scoop/update/director/20120115_010.html,ディレクターの鈴木です。,"저는 스즈키, 감독입니다."
343,디렉터 스즈키입니다.,ディレクターの鈴木です。,https://www.happo-en.com/recruit/interview07.html,ディレクターの鈴木です。,"저는 스즈키, 감독입니다."
333,디렉터 스즈키입니다.,ディレクターの鈴木です。,https://newspicks.com/user/106908/,ディレクターの鈴木です。,"저는 스즈키, 감독입니다."
321,디렉터 스즈키입니다.,ディレクターの鈴木です。,https://unison-s-g.com/blog/member/category/suzuki/,ディレクターの鈴木です。,"저는 스즈키, 감독입니다."
338,디렉터 스즈키입니다.,ディレクターの鈴木です。,https://employment.en-japan.com/desc_140934/,ディレクターの鈴木です。,"저는 스즈키, 감독입니다."
299,디렉터 스즈키입니다.,ディレクターの鈴木です。,https://mi-mollet.com/articles/-/35912,ディレクターの鈴木です。,"저는 스즈키, 감독입니다."
297,디렉터 스즈키입니다.,ディレクターの鈴木です。,https://www.sendenkaigi.com/class/detail/art_director.php,ディレクターの鈴木です。,"저는 스즈키, 감독입니다."
298,디렉터 스즈키입니다.,ディレクターの鈴木です。,https://atatakai.com/voice/diagram/,ディレクターの鈴木です。,"저는 스즈키, 감독입니다."
300,디렉터 스즈키입니다.,ディレクターの鈴木です。,https://dengekionline.com/articles/130535/,ディレクターの鈴木です。,"저는 스즈키, 감독입니다."
301,디렉터 스즈키입니다.,ディレクターの鈴木です。,https://www.willstyle.co.jp/blog/4391/,ディレクターの鈴木です。,"저는 스즈키, 감독입니다."
302,디렉터 스즈키입니다.,ディレクターの鈴木です。,https://asiro.co.jp/career/people/direction/asiro25/,ディレクターの鈴木です。,"저는 스즈키, 감독입니다."
303,디렉터 스즈키입니다.,ディレクターの鈴木です。,https://www.stat.go.jp/data/shakai/2011/message/suzuki.html,ディレクターの鈴木です。,"저는 스즈키, 감독입니다."
319,디렉터 스즈키입니다.,ディレクターの鈴木です。,https://m.facebook.com/pages/afloat-nagoya-%e4%bb%a3%e8%a1%a8-%e3%82%a8%e3%82%b0%e3%82%bc%e3%82%af%e3%83%86%e3%82%a3%e3%83%96%e3%83%87%e3%82%a3%e3%83%ac%e3%82%af%e3%82%bf%e3%83%bc-%e9%88%b4%e6%9c%a8-%e9%9b%84%e5%a4%a7/152016264962272,ディレクターの鈴木です。,"저는 스즈키, 감독입니다."
305,디렉터 스즈키입니다.,ディレクターの鈴木です。,https://www.nhk.or.jp/sougou/genbaru/shiryou/2013_004_02_shiryou.html,ディレクターの鈴木です。,"저는 스즈키, 감독입니다."
306,디렉터 스즈키입니다.,ディレクターの鈴木です。,https://ja.wikipedia.org/wiki/%e9%88%b4%e6%9c%a8%e9%9b%85%e4%b9%8b_(%e6%bc%94%e5%87%ba%e5%ae%b6),ディレクターの鈴木です。,"저는 스즈키, 감독입니다."
307,디렉터 스즈키입니다.,ディレクターの鈴木です。,https://www.kurashinotomo.jp/kurashinotomo/n04/,ディレクターの鈴木です。,"저는 스즈키, 감독입니다."
304,디렉터 스즈키입니다.,ディレクターの鈴木です。,https://www.internetacademy.jp/graduate/042.html,ディレクターの鈴木です。,"저는 스즈키, 감독입니다."
309,디렉터 스즈키입니다.,ディレクターの鈴木です。,https://superformula.net/sf/apf/ap/nlist02.dll/,ディレクターの鈴木です。,"저는 스즈키, 감독입니다."
318,디렉터 스즈키입니다.,ディレクターの鈴木です。,https://www.arrch.net/staff23/,ディレクターの鈴木です。,"저는 스즈키, 감독입니다."
308,디렉터 스즈키입니다.,ディレクターの鈴木です。,https://sougi.bestnet.ne.jp/jimbo-tenkeien/director.html,ディレクターの鈴木です。,"저는 스즈키, 감독입니다."
316,디렉터 스즈키입니다.,ディレクターの鈴木です。,https://www.pyramidfilm.co.jp/katarou-directors/,ディレクターの鈴木です。,"저는 스즈키, 감독입니다."
315,디렉터 스즈키입니다.,ディレクターの鈴木です。,https://hanacinema.com/201902_lectureyonezawa/,ディレクターの鈴木です。,"저는 스즈키, 감독입니다."
317,디렉터 스즈키입니다.,ディレクターの鈴木です。,https://mantan-web.jp/article/20210925dog00m200001000c.html,ディレクターの鈴木です。,"저는 스즈키, 감독입니다."
313,디렉터 스즈키입니다.,ディレクターの鈴木です。,https://synapse-magazine.jp/television/2101suzukiosamu/,ディレクターの鈴木です。,"저는 스즈키, 감독입니다."
312,디렉터 스즈키입니다.,ディレクターの鈴木です。,https://www.4gamer.net/games/302/g030244/20160113088/,ディレクターの鈴木です。,"저는 스즈키, 감독입니다."
311,디렉터 스즈키입니다.,ディレクターの鈴木です。,https://www.imn.jp/post/108057195264,ディレクターの鈴木です。,"저는 스즈키, 감독입니다."
310,디렉터 스즈키입니다.,ディレクターの鈴木です。,https://cft-hammamet.com/common/resize_image.php,ディレクターの鈴木です。,"저는 스즈키, 감독입니다."
314,디렉터 스즈키입니다.,ディレクターの鈴木です。,https://recruit.fuerubo.com/three-count/job-offer/detail-qrniy7hla2z9/170,ディレクターの鈴木です。,"저는 스즈키, 감독입니다."
190,개발 일러스트,発話した音声をリアルタイムにイラスト,https://www.facebook.com/ricoh.jp/videos/%e7%99%ba%e8%a9%b1%e3%81%97%e3%81%9f%e9%9f%b3%e5%a3%b0%e3%82%92%e3%83%aa%e3%82%a2%e3%83%ab%e3%82%bf%e3%82%a4%e3%83%a0%e3%81%ab%e3%82%a4%e3%83%a9%e3%82%b9%e3%83%88%e5%a4%89%e6%8f%9b%e3%81%99%e3%82%8bpiglyph%e3%82%92%e9%96%8b%e7%99%ba%e7%99%ba%e8%a9%b1%e3%81%97%e3%81%9f%e9%9f%b3%e5%a3%b0%e3%82%92%e3%83%aa%e3%82%a2%e3%83%ab%e3%82%bf%e3%82%a4%e3%83%a0%e3%81%ab%e3%82%a4%e3%83%a9%e3%82%b9%e3%83%88%e5%8c%96%e3%81%97%e3%81%a6%e3%82%b3%e3%83%9f%e3%83%a5%e3%83%8b%e3%82%b1%e3%83%bc%e3%82%b7%e3%83%a7%e3%83%b3%e3%82%92%e3%82%b5%e3%83%9d%e3%83%bc%e3%83%88%e3%81%99%e3%82%8b%e3%83%93%e3%82%b8%e3%83%a5%e3%82%a2%e3%83%ab%e3%82%b3%e3%83%9f%e3%83%a5%e3%83%8b%e3%82%b1%e3%83%bc/546835843358320/,発話した音声をリアルタイムにイラスト変換する「piglyph」を開発】 発話した音声をリアルタイムにイラスト化してコミュニケーションをサポートする ...,"음성 오디오를 실시간으로 변환하는 ""Piglyph""개발 된 ""Piglyph""는 커뮤니케이션을 지원하기 위해 음성 오디오를 실시간으로 개발했습니다 ..."
139,개발 일러스트,開発イラスト,http://www.shokuno.co.jp/,開発イラスト,개발 일러스트
140,개발 일러스트,開発イラスト,https://www.cao.go.jp/innovation/action/conference/minutes/20case.html,開発イラスト,개발 일러스트
141,개발 일러스트,開発イラスト,https://www.nijibox.jp/service,開発イラスト,개발 일러스트
142,개발 일러스트,開発イラスト,https://aqua-star.co.jp/,開発イラスト,개발 일러스트
143,개발 일러스트,開発イラスト,https://maps.google.com/maps/ms,開発イラスト,개발 일러스트
144,개발 일러스트,開発イラスト,https://www.canstockphoto.jp/%e3%82%a6%e3%82%a7%e3%83%96%e3%82%b5%e3%82%a4%e3%83%88-%e9%96%8b%e7%99%ba-%e7%ad%89%e5%a4%a7-%e3%82%a4%e3%83%a9%e3%82%b9%e3%83%88-67894166.html,開発イラスト,개발 일러스트
145,개발 일러스트,開発イラスト,https://doda.jp/dodafront/view/jobsearchdetail/j_jid__3006149493/,開発イラスト,개발 일러스트
146,개발 일러스트,開発イラスト,https://www.itmedia.co.jp/news/articles/2201/12/news039.html,開発イラスト,개발 일러스트
154,개발 일러스트,開発イラスト,https://www.amazon.es/%e3%82%a4%e3%83%a9%e3%82%b9%e3%83%88%e7%89%88-%e5%ae%9f%e8%b7%b53%e6%97%a5%e9%96%93%e3%80%8c%e9%9c%8a%e8%83%bd%e3%80%8d%e9%96%8b%e7%99%ba%e3%83%9e%e3%83%8b%e3%83%a5%e3%82%a2%e3%83%ab_%e3%81%a0%e3%82%8c%e3%81%a7%e3%82%82%e7%b0%a1%e5%8d%98%e3%81%ab%e7%a5%9e%e9%80%9a%e5%8a%9b%e3%82%92%e8%ba%ab%e3%81%ab%e3%81%a4%e3%81%91%e3%82%89%e3%82%8c%e3%82%8b/dp/4876206201,開発イラスト,개발 일러스트
148,개발 일러스트,開発イラスト,https://www.ehonnavi.net/ehon00.asp,開発イラスト,개발 일러스트
149,개발 일러스트,開発イラスト,https://www.silhouette-illust.com/keyword/%e9%96%8b%e7%99%ba%e8%80%85,開発イラスト,개발 일러스트
150,개발 일러스트,開発イラスト,https://www.sun-a.com/magazine/detail.php,開発イラスト,개발 일러스트
151,개발 일러스트,開発イラスト,https://www.studioget.co.jp/advance/illust.html,開発イラスト,개발 일러스트
152,개발 일러스트,開発イラスト,https://www.atpress.ne.jp/news/302658,開発イラスト,개발 일러스트
153,개발 일러스트,開発イラスト,http://puskeu.polri.go.id/85d0puske71a549-p-1790966,開発イラスト,개발 일러스트
138,개발 일러스트,開発イラスト,https://jp.ricoh.com/release/2021/0621_1,開発イラスト,개발 일러스트
147,개발 일러스트,開発イラスト,https://www.irasutoya.com/p/society.html,開発イラスト,개발 일러스트
137,개발 일러스트,開発イラスト,https://jp.ricoh.com/release/2021/0621_1,開発イラスト,개발 일러스트
124,개발 일러스트,開発イラスト,https://www.silhouette-ac.com/category.html,開発イラスト,개발 일러스트
135,개발 일러스트,開発イラスト,https://hrmos.co/pages/aktsk/jobs/0000287,開発イラスト,개발 일러스트
118,개발 일러스트,開発イラスト,https://www.ac-illust.com/main/search_result.php,開発イラスト,개발 일러스트
119,개발 일러스트,開発イラスト,https://www.ac-illust.com/main/search_result.php,開発イラスト,개발 일러스트
120,개발 일러스트,開発イラスト,https://pixta.jp/tags/%e9%96%8b%e7%99%ba,開発イラスト,개발 일러스트
121,개발 일러스트,開発イラスト,https://www.istockphoto.com/jp/%e3%82%a4%e3%83%a9%e3%82%b9%e3%83%88/%e3%82%b7%e3%82%b9%e3%83%86%e3%83%a0%e9%96%8b%e7%99%ba,開発イラスト,개발 일러스트
122,개발 일러스트,開発イラスト,https://www.istockphoto.com/jp/%e3%82%a4%e3%83%a9%e3%82%b9%e3%83%88/%e9%96%8b%e7%99%ba,開発イラスト,개발 일러스트
123,개발 일러스트,開発イラスト,https://www.gettyimages.co.jp/%e3%82%a4%e3%83%a9%e3%82%b9%e3%83%88/%e3%82%b7%e3%82%b9%e3%83%86%e3%83%a0%e9%96%8b%e7%99%ba,開発イラスト,개발 일러스트
125,개발 일러스트,開発イラスト,https://www.illust-box.jp/sozai/all/kw_%e9%96%8b%e7%99%ba/,開発イラスト,개발 일러스트
136,개발 일러스트,開発イラスト,https://dt-a.jp/blog/,開発イラスト,개발 일러스트
126,개발 일러스트,開発イラスト,https://www.nds-tyo.co.jp/e-bizillust/,開発イラスト,개발 일러스트
128,개발 일러스트,開発イラスト,https://service.aainc.co.jp/product/letrostudio/article/illustrationstock,開発イラスト,개발 일러스트
129,개발 일러스트,開発イラスト,https://www.shutterstock.com/search/%e9%96%8b%e7%99%ba+%e3%82%a4%e3%83%a9%e3%82%b9%e3%83%88+%e3%82%a2%e3%82%a4%e3%82%bd%e3%83%a1%e3%83%88%e3%83%aa%e3%83%83%e3%82%af,開発イラスト,개발 일러스트
130,개발 일러스트,開発イラスト,https://www.monsterhunter.com/mhb/st2_gallery/,開発イラスト,개발 일러스트
131,개발 일러스트,開発イラスト,https://www.pinterest.jp/pin/466755948892226411/,開発イラスト,개발 일러스트
132,개발 일러스트,開発イラスト,https://www.pixiv.net/tags/%e5%95%86%e5%93%81%e9%96%8b%e7%99%ba,開発イラスト,개발 일러스트
133,개발 일러스트,開発イラスト,https://www.kyokuto.com/hataraku/2016.html,開発イラスト,개발 일러스트
134,개발 일러스트,開発イラスト,https://www.ipa.go.jp/files/000006458.pdf,開発イラスト,개발 일러스트
127,개발 일러스트,開発イラスト,https://service.aainc.co.jp/product/letrostudio/article/illustrationstock,開発イラスト,개발 일러스트
155,개발 일러스트,開発イラスト,https://colopl.co.jp/magicianwiz/lp/thanks2019/illust.php,開発イラスト,개발 일러스트
160,개발 일러스트,開発イラスト,https://jp.freepik.com/vectors/development,開発イラスト,개발 일러스트
210,개발 일러스트,開発イラスト,https://www.kyodo.co.jp/pr/2022-05-11_3688722/,開発イラスト,개발 일러스트
227,개발 일러스트,開発イラスト,https://motor-fan.jp/tech/article/20570/,開発イラスト,개발 일러스트
226,개발 일러스트,開発イラスト,https://www.excite.co.jp/news/article/atpress_306838/,開発イラスト,개발 일러스트
225,개발 일러스트,開発イラスト,https://www.minpo.jp/oricon/detail/2234154,開発イラスト,개발 일러스트
224,개발 일러스트,開発イラスト,https://www.fashion-press.net/news/87515,開発イラスト,개발 일러스트
223,개발 일러스트,開発イラスト,https://ibarakinews.jp/news/newsdetail.php,開発イラスト,개발 일러스트
222,개발 일러스트,開発イラスト,https://ibarakinews.jp/news/newsdetail.php,開発イラスト,개발 일러스트
221,개발 일러스트,開発イラスト,https://www.oricon.co.jp/article/1858878/,開発イラスト,개발 일러스트
220,개발 일러스트,開発イラスト,https://www.yomiuri.co.jp/national/20220508-oyt1t50044/,開発イラスト,개발 일러스트
228,개발 일러스트,開発イラスト,https://news.denfaminicogamer.jp/news/220509f,開発イラスト,개발 일러스트
219,개발 일러스트,開発イラスト,https://www.clipstudio.net/oekaki/archives/153260,開発イラスト,개발 일러스트
217,개발 일러스트,開発イラスト,http://www.lovingdevotionbyu.cfacmoa.byu.edu/iniquitously558345.html,開発イラスト,개발 일러스트
216,개발 일러스트,開発イラスト,https://kyodonewsprwire.jp/release/202205100974,開発イラスト,개발 일러스트
215,개발 일러스트,開発イラスト,https://www.titech.ac.jp/news/2022/063880,開発イラスト,개발 일러스트
214,개발 일러스트,開発イラスト,https://hobby.dengeki.com/news/1530413/,開発イラスト,개발 일러스트
213,개발 일러스트,開発イラスト,https://www.jiji.com/jc/article,開発イラスト,개발 일러스트
212,개발 일러스트,開発イラスト,https://www.kankyo-business.jp/news/031902.php,開発イラスト,개발 일러스트
211,개발 일러스트,開発イラスト,http://www.tose.co.jp/,開発イラスト,개발 일러스트
209,개발 일러스트,開発イラスト,https://www.niigata-nippo.co.jp/articles/-/58838,開発イラスト,개발 일러스트
218,개발 일러스트,開発イラスト,https://ledge.ai/ai-support-sketch/,開発イラスト,개발 일러스트
229,개발 일러스트,開発イラスト,https://dengekionline.com/articles/131476/,開発イラスト,개발 일러스트
230,개발 일러스트,開発イラスト,https://japan.cnet.com/release/30689861/,開発イラスト,개발 일러스트
231,개발 일러스트,開発イラスト,https://www.bs-log.com/2022/05/1416579/,開発イラスト,개발 일러스트
159,개발 일러스트,開発イラスト,https://www.peltosiemen.fi/31703/694982.html,開発イラスト,개발 일러스트
156,개발 일러스트,開発イラスト,https://www.unibo.jp/products/detail.php,開発イラスト,개발 일러스트
157,개발 일러스트,開発イラスト,https://www.unic.or.jp/activities/economic_social_development/sustainable_development/2030agenda/sdgs_logo/,開発イラスト,개발 일러스트
247,개발 일러스트,開発イラスト,https://www.clip-studio.com/clip_site/clipstudiopaint/scenes/comic_illustration/,開発イラスト,개발 일러스트
246,개발 일러스트,開発イラスト,https://www.jst.go.jp/moonshot/,開発イラスト,개발 일러스트
245,개발 일러스트,開発イラスト,https://www.melonbooks.co.jp/,開発イラスト,개발 일러스트
244,개발 일러스트,開発イラスト,https://hitomi.la/manga/%e8%86%a3%e6%80%a7%e6%84%9f%e9%96%8b%e7%99%ba-%e4%b8%ad%e3%82%a4%e3%82%ad%e5%ae%8c%e5%85%a8%e3%83%9e%e3%83%8b%e3%83%a5%e3%82%a2%e3%83%ab-%e3%82%a4%e3%83%a9%e3%82%b9%e3%83%88%e7%89%88-%e6%97%a5%e6%9c%ac%e8%aa%9e-314993-1646761.html,開発イラスト,개발 일러스트
243,개발 일러스트,開発イラスト,https://automaton-media.com/articles/newsjp/20220510-201818/,開発イラスト,개발 일러스트
242,개발 일러스트,開発イラスト,https://www.sankei.com/article/20220508-7jurisikafjxdisa3jvjn2e76q/,開発イラスト,개발 일러스트
241,개발 일러스트,開発イラスト,https://www.newsweekjapan.jp/press-release/2022/05/vtuber-218.php,開発イラスト,개발 일러스트
240,개발 일러스트,開発イラスト,https://bizzine.jp/article/detail/7528,開発イラスト,개발 일러스트
239,개발 일러스트,開発イラスト,https://dp778.co.jp/blog/web/7004/,開発イラスト,개발 일러스트
238,개발 일러스트,開発イラスト,https://bizzine.jp/article/detail/7528,開発イラスト,개발 일러스트
237,개발 일러스트,開発イラスト,https://www.kenbiya.com/ar/ns/region/osaka/5700.html,開発イラスト,개발 일러스트
236,개발 일러스트,開発イラスト,https://www.4gamer.net/games/378/g037849/20220510006/,開発イラスト,개발 일러스트
235,개발 일러스트,開発イラスト,https://www.afpbb.com/articles/-/3404242,開発イラスト,개발 일러스트
234,개발 일러스트,開発イラスト,https://www.inside-games.jp/article/2022/05/08/138087.html,開発イラスト,개발 일러스트
233,개발 일러스트,開発イラスト,http://www.kenq.net/ill/,開発イラスト,개발 일러스트
232,개발 일러스트,開発イラスト,https://www.sannichi.co.jp/article/2022/05/10/80403757,開発イラスト,개발 일러스트
208,개발 일러스트,開発イラスト,https://www.47news.jp/culture/entertainment/oricon/7763259.html,開発イラスト,개발 일러스트
206,개발 일러스트,開発イラスト,https://www.topics.or.jp/articles/-/703307,開発イラスト,개발 일러스트
207,개발 일러스트,開発イラスト,https://xn--pckua2a7gp15o89zb.com/%e3%82%bd%e3%83%bc%e3%82%b7%e3%83%a3%e3%83%ab-%e3%82%b2%e3%83%bc%e3%83%a0-%e9%96%8b%e7%99%ba-%e3%82%a4%e3%83%a9%e3%82%b9%e3%83%88%e3%81%ae%e4%bb%95%e4%ba%8b,開発イラスト,개발 일러스트
204,개발 일러스트,開発イラスト,http://j.people.com.cn/n3/2022/0510/c94476-10094702.html,開発イラスト,개발 일러스트
180,개발 일러스트,開発イラスト,https://twitter.com/mistwalkerjp/status/1367129422055153668,開発イラスト,개발 일러스트
179,개발 일러스트,開発イラスト,https://paiza.hatenablog.com/entry/2020/04/16/%e3%80%902020%e5%b9%b4%e7%89%88%e3%80%91%e7%84%a1%e6%96%99%ef%bc%86%e5%95%86%e7%94%a8%e5%88%a9%e7%94%a8%e5%8f%af%e8%83%bd%e3%81%aa%e3%82%a4%e3%83%a9%e3%82%b9%e3%83%88%e7%94%bb%e5%83%8f%e3%82%92%e6%8f%90,開発イラスト,개발 일러스트
178,개발 일러스트,開発イラスト,https://paiza.hatenablog.com/entry/2020/04/16/%e3%80%902020%e5%b9%b4%e7%89%88%e3%80%91%e7%84%a1%e6%96%99%ef%bc%86%e5%95%86%e7%94%a8%e5%88%a9%e7%94%a8%e5%8f%af%e8%83%bd%e3%81%aa%e3%82%a4%e3%83%a9%e3%82%b9%e3%83%88%e7%94%bb%e5%83%8f%e3%82%92%e6%8f%90,開発イラスト,개발 일러스트
177,개발 일러스트,開発イラスト,http://nagaitsutomuworks.com/,開発イラスト,개발 일러스트
176,개발 일러스트,開発イラスト,https://www.nikkei.com/article/dgxzqouc117qw0r10c22a4000000/,開発イラスト,개발 일러스트
175,개발 일러스트,開発イラスト,https://rehda.com/4162/944613.html,開発イラスト,개발 일러스트
174,개발 일러스트,開発イラスト,https://plus.amanaimages.com/items/search/%e3%82%b7%e3%82%b9%e3%83%86%e3%83%a0%e9%96%8b%e7%99%ba,開発イラスト,개발 일러스트
173,개발 일러스트,開発イラスト,https://www.fotosearch.jp/csp994/k15698679/,開発イラスト,개발 일러스트
172,개발 일러스트,開発イラスト,https://www.banyaro.net/sp/news/,開発イラスト,개발 일러스트
181,개발 일러스트,開発イラスト,https://moduleapps.com/mobile-marketing/business-free-illust/,開発イラスト,개발 일러스트
171,개발 일러스트,開発イラスト,https://developer.aiming-inc.com/tag/%e3%82%a4%e3%83%a9%e3%82%b9%e3%83%88/,開発イラスト,개발 일러스트
169,개발 일러스트,開発イラスト,https://imagemart.aflo.com/ja/contents/161240853,開発イラスト,개발 일러스트
168,개발 일러스트,開発イラスト,https://aidco.jp/illustration-2/sns/,開発イラスト,개발 일러스트
167,개발 일러스트,開発イラスト,https://search.rakuten.co.jp/search/mall/%e3%83%93%e3%82%b8%e3%83%8d%e3%82%b9+%e3%82%a4%e3%83%a9%e3%82%b9%e3%83%88+%e7%b4%a0%e6%9d%90%e9%9b%86/209130/,開発イラスト,개발 일러스트
166,개발 일러스트,開発イラスト,https://www.photolibrary.jp/img844/403937_6791272.html,開発イラスト,개발 일러스트
165,개발 일러스트,開発イラスト,https://www.5sg.jp/,開発イラスト,개발 일러스트
164,개발 일러스트,開発イラスト,https://www.brother.co.jp/product/printer/home/magazine/kiji106/,開発イラスト,개발 일러스트
163,개발 일러스트,開発イラスト,https://haken.en-japan.com/w_61863979/,開発イラスト,개발 일러스트
162,개발 일러스트,開発イラスト,https://spacegoods.net/shop/bs-39.html,開発イラスト,개발 일러스트
161,개발 일러스트,開発イラスト,https://jp.freepik.com/free-vector/app-development-illustration_10354235.htm,開発イラスト,개발 일러스트
170,개발 일러스트,開発イラスト,https://liginc.co.jp/544482,開発イラスト,개발 일러스트
205,개발 일러스트,開発イラスト,https://www.dod.camp/,開発イラスト,개발 일러스트
182,개발 일러스트,開発イラスト,https://emoshu.co.jp/blog/archives/21,開発イラスト,개발 일러스트
184,개발 일러스트,開発イラスト,https://kaedeee.com/app-famous-illustrate-download-site/,開発イラスト,개발 일러스트
203,개발 일러스트,開発イラスト,https://ainow.ai/2019/09/10/174940/,開発イラスト,개발 일러스트
202,개발 일러스트,開発イラスト,https://www.nintenderos.com/2022/05/no-te-pierdas-este-nuevo-arte-conceptual-de-garangolm-de-monster-hunter-rise-sunbreak/,開発イラスト,개발 일러스트
201,개발 일러스트,開発イラスト,https://game.watch.impress.co.jp/docs/news/1407689.html,開発イラスト,개발 일러스트
200,개발 일러스트,開発イラスト,http://j.people.com.cn/n3/2022/0510/c94476-10094702.html,開発イラスト,개발 일러스트
199,개발 일러스트,開発イラスト,https://ainow.ai/2019/09/10/174940/,開発イラスト,개발 일러스트
198,개발 일러스트,開発イラスト,https://www.nintenderos.com/2022/05/no-te-pierdas-este-nuevo-arte-conceptual-de-garangolm-de-monster-hunter-rise-sunbreak/,開発イラスト,개발 일러스트
197,개발 일러스트,開発イラスト,https://game.watch.impress.co.jp/docs/news/1407689.html,開発イラスト,개발 일러스트
183,개발 일러스트,開発イラスト,https://support.microsoft.com/ja-jp/topic/%e3%82%af%e3%83%aa%e3%83%83%e3%83%97-%e3%82%a2%e3%83%bc%e3%83%88%e3%82%92%e6%8c%bf%e5%85%a5%e3%81%99%e3%82%8b%e3%81%ab%e3%81%af-93734543-2c68-6b1c-37f6-8475b3db7cec,開発イラスト,개발 일러스트
195,개발 일러스트,開発イラスト,https://ja.cre8tiveai.com/sc,開発イラスト,개발 일러스트
196,개발 일러스트,開発イラスト,https://www.dreamnews.jp/press/0000258075/,開発イラスト,개발 일러스트
193,개발 일러스트,開発イラスト,https://pokemonmezastar.com/,開発イラスト,개발 일러스트
192,개발 일러스트,開発イラスト,https://www.famitsu.com/news/202205/08259909.html,開発イラスト,개발 일러스트
158,개발 일러스트,開発イラスト,https://www.nds-tyo.co.jp/e-bizillust/,開発イラスト,개발 일러스트
189,개발 일러스트,開発イラスト,https://auctions.yahoo.co.jp/search/search/%e6%83%85%e5%a0%b1%20%e3%82%a4%e3%83%a9%e3%82%b9%e3%83%88/2084048851/,開発イラスト,개발 일러스트
188,개발 일러스트,開発イラスト,https://ganbarion.com/jp/endan/info/%e3%81%8a%e7%9f%a5%e3%82%89%e3%81%9b/post-1214/,開発イラスト,개발 일러스트
187,개발 일러스트,開発イラスト,https://recruit.jobcan.jp/crrecruit/list/a011,開発イラスト,개발 일러스트
186,개발 일러스트,開発イラスト,https://gigazine.net/news/20220121-how-waifu-labs-create/,開発イラスト,개발 일러스트
185,개발 일러스트,開発イラスト,https://www.hmv.co.jp/artist_%e3%83%ab%e3%82%a4%e3%83%bc%e3%82%ba%e3%83%bb%e3%82%b9%e3%83%94%e3%83%ab%e3%82%ba%e3%83%99%e3%83%aa%e3%83%bc_000000000726953/item_%e3%81%bf%e3%82%93%e3%81%aa%e3%81%a7%e5%ad%a6%e3%81%bc%e3%81%8617%e3%81%ae%e3%82%b4%e3%83%bc%e3%83%ab-%e3%82%a4%e3%83%a9%e3%82%b9%e3%83%88%e3%83%96%e3%83%83%e3%82%afsdgs-%e5%9b%bd%e9%80%a3%e3%81%a8%e3%82%81%e3%81%96%e3%81%99%e6%8c%81%e7%b6%9a%e5%8f%af%e8%83%bd%e3%81%aa%e9%96%8b%e7%99%ba%e7%9b%ae%e6%a8%99_11887483,開発イラスト,개발 일러스트
194,개발 일러스트,開発イラスト,https://mensspot.lt/wp-content/wp-signuo.php,開発イラスト,개발 일러스트
423,개발 배경 직원 추천 명소,開発背景スタッフおすすめスポット,https://www.trendsmap.com/twitter/tweet/1506948953220263939,開発背景スタッフおすすめスポット,개발 배경 직원은 자리를 추천합니다
422,개발 배경 직원 추천 명소,開発背景スタッフおすすめスポット,https://kunel-gamers.com/mhrise/archives/517,開発背景スタッフおすすめスポット,개발 배경 직원은 자리를 추천합니다
420,개발 배경 직원 추천 명소,開発背景スタッフおすすめスポット,https://xn--gdkl0dubtwb7e.net/57033,開発背景スタッフおすすめスポット,개발 배경 직원은 자리를 추천합니다
419,개발 배경 직원 추천 명소,開発背景スタッフおすすめスポット,https://xn--gdkl0dubtwb7e.net/58319,開発背景スタッフおすすめスポット,개발 배경 직원은 자리를 추천합니다
483,개발 배경 직원 추천 명소,開発背景スタッフおすすめスポット,https://japantravel.co.jp/%e3%80%90%e3%82%b8%e3%83%a3%e3%83%91%e3%83%b3%e3%83%bb%e3%83%88%e3%83%a9%e3%83%99%e3%83%ab%e3%80%80%e3%82%b9%e3%82%bf%e3%83%83%e3%83%95%e3%82%a4%e3%83%b3%e3%82%bf%e3%83%93%e3%83%a5%e3%83%bcvol2/,開発背景スタッフおすすめスポット,개발 배경 직원은 자리를 추천합니다
417,개발 배경 직원 추천 명소,開発背景スタッフおすすめスポット,https://twitter.com/mh_rise_jp/status/1468898220688519175,開発背景スタッフおすすめスポット,개발 배경 직원은 자리를 추천합니다
416,개발 배경 직원 추천 명소,開発背景スタッフおすすめスポット,https://photo.smileheart.net/mhr/17302/,開発背景スタッフおすすめスポット,개발 배경 직원은 자리를 추천합니다
415,개발 배경 직원 추천 명소,開発背景スタッフおすすめスポット,https://photo.smileheart.net/mhr/18220/,開発背景スタッフおすすめスポット,개발 배경 직원은 자리를 추천합니다
424,개발 배경 직원 추천 명소,開発背景スタッフおすすめスポット,https://www.d-hakusuisha.co.jp/business/pickup.html,開発背景スタッフおすすめスポット,개발 배경 직원은 자리를 추천합니다
418,개발 배경 직원 추천 명소,開発背景スタッフおすすめスポット,https://www.appbank.net/2022/04/15/consumer/2222425.php,開発背景スタッフおすすめスポット,개발 배경 직원은 자리를 추천합니다
482,개발 배경 직원 추천 명소,開発背景スタッフおすすめスポット,https://web-komachi.com/,開発背景スタッフおすすめスポット,개발 배경 직원은 자리를 추천합니다
425,개발 배경 직원 추천 명소,開発背景スタッフおすすめスポット,https://twirepo.com/matome/detail/18/n/4145/,開発背景スタッフおすすめスポット,개발 배경 직원은 자리를 추천합니다
427,개발 배경 직원 추천 명소,開発背景スタッフおすすめスポット,https://comedydouga.com/apexlegends/2022/04/01/648229/,開発背景スタッフおすすめスポット,개발 배경 직원은 자리를 추천합니다
509,개발 배경 직원 추천 명소,開発背景スタッフおすすめスポット,https://373news.com/_news/storyid/155708/,開発背景スタッフおすすめスポット,개발 배경 직원은 자리를 추천합니다
510,개발 배경 직원 추천 명소,開発背景スタッフおすすめスポット,https://www.yomiuri.co.jp/local/kyushu/news/20220507-oytnt50055/,開発背景スタッフおすすめスポット,개발 배경 직원은 자리를 추천합니다
511,개발 배경 직원 추천 명소,開発背景スタッフおすすめスポット,https://www.value-press.com/pressrelease/295857,開発背景スタッフおすすめスポット,개발 배경 직원은 자리를 추천합니다
512,개발 배경 직원 추천 명소,開発背景スタッフおすすめスポット,https://xtrend.nikkei.com/atcl/contents/watch/00013/01829/,開発背景スタッフおすすめスポット,개발 배경 직원은 자리를 추천합니다
513,개발 배경 직원 추천 명소,開発背景スタッフおすすめスポット,https://tetsudo-ch.com/12405584.html,開発背景スタッフおすすめスポット,개발 배경 직원은 자리를 추천합니다
514,개발 배경 직원 추천 명소,開発背景スタッフおすすめスポット,https://www.mapion.co.jp/news/release/000000114.000071307-all/,開発背景スタッフおすすめスポット,개발 배경 직원은 자리를 추천합니다
515,개발 배경 직원 추천 명소,開発背景スタッフおすすめスポット,https://www.mapple.net/articles/bk/14402/,開発背景スタッフおすすめスポット,개발 배경 직원은 자리를 추천합니다
516,개발 배경 직원 추천 명소,開発背景スタッフおすすめスポット,https://cowcamo.jp/magazine/column/kissa_laundry,開発背景スタッフおすすめスポット,개발 배경 직원은 자리를 추천합니다
517,개발 배경 직원 추천 명소,開発背景スタッフおすすめスポット,https://meieki.keizai.biz/release/123995/,開発背景スタッフおすすめスポット,개발 배경 직원은 자리를 추천합니다
518,개발 배경 직원 추천 명소,開発背景スタッフおすすめスポット,https://wmr.tokyo/travel/2022/05/526884/,開発背景スタッフおすすめスポット,개발 배경 직원은 자리를 추천합니다
519,개발 배경 직원 추천 명소,開発背景スタッフおすすめスポット,https://topics.smt.docomo.ne.jp/article/san_tatsu/trend/san_tatsu-172391,開発背景スタッフおすすめスポット,개발 배경 직원은 자리를 추천합니다
520,개발 배경 직원 추천 명소,開発背景スタッフおすすめスポット,https://www.sankeibiz.jp/article/20220503-lw6jcnjrlnb4flehva2zexxoge/,開発背景スタッフおすすめスポット,개발 배경 직원은 자리를 추천합니다
521,개발 배경 직원 추천 명소,開発背景スタッフおすすめスポット,https://logmi.jp/tech/articles/326492,開発背景スタッフおすすめスポット,개발 배경 직원은 자리를 추천합니다
522,개발 배경 직원 추천 명소,開発背景スタッフおすすめスポット,http://renovation.lacasa.co.jp/bullockman1978703.html,開発背景スタッフおすすめスポット,개발 배경 직원은 자리를 추천합니다
523,개발 배경 직원 추천 명소,開発背景スタッフおすすめスポット,https://backgroundresources.com/14441/479940.html,開発背景スタッフおすすめスポット,개발 배경 직원은 자리를 추천합니다
524,개발 배경 직원 추천 명소,開発背景スタッフおすすめスポット,https://www.hokkaidohotel.co.jp/stay/sightseeing/spot.html,開発背景スタッフおすすめスポット,개발 배경 직원은 자리를 추천합니다
525,개발 배경 직원 추천 명소,開発背景スタッフおすすめスポット,https://silimmobili.it/votes.php,開発背景スタッフおすすめスポット,개발 배경 직원은 자리를 추천합니다
526,개발 배경 직원 추천 명소,開発背景スタッフおすすめスポット,https://elephantshield.com/4895nzzl99b0c368sled56184e,開発背景スタッフおすすめスポット,개발 배경 직원은 자리를 추천합니다
481,개발 배경 직원 추천 명소,開発背景スタッフおすすめスポット,https://www.mlit.go.jp/common/001288606.pdf,開発背景スタッフおすすめスポット,개발 배경 직원은 자리를 추천합니다
480,개발 배경 직원 추천 명소,開発背景スタッフおすすめスポット,https://blog.ja.playstation.com/2019/03/11/20190311-sekiro/,開発背景スタッフおすすめスポット,개발 배경 직원은 자리를 추천합니다
479,개발 배경 직원 추천 명소,開発背景スタッフおすすめスポット,https://clublog.club-t.com/_ct/17390898,開発背景スタッフおすすめスポット,개발 배경 직원은 자리를 추천합니다
508,개발 배경 직원 추천 명소,開発背景スタッフおすすめスポット,https://373news.com/_news/storyid/155875/,開発背景スタッフおすすめスポット,개발 배경 직원은 자리를 추천합니다
478,개발 배경 직원 추천 명소,開発背景スタッフおすすめスポット,https://www.suonada.co.jp/staff/view.php,開発背景スタッフおすすめスポット,개발 배경 직원은 자리를 추천합니다
507,개발 배경 직원 추천 명소,開発背景スタッフおすすめスポット,https://jidounten-lab.com/u_35280,開発背景スタッフおすすめスポット,개발 배경 직원은 자리를 추천합니다
505,개발 배경 직원 추천 명소,開発背景スタッフおすすめスポット,https://www.jiji.com/jc/article,開発背景スタッフおすすめスポット,개발 배경 직원은 자리를 추천합니다
484,개발 배경 직원 추천 명소,開発背景スタッフおすすめスポット,https://stayway.jp/tourism/sendai-higashigate12,開発背景スタッフおすすめスポット,개발 배경 직원은 자리를 추천합니다
485,개발 배경 직원 추천 명소,開発背景スタッフおすすめスポット,https://bowgl.com/working-motivation/,開発背景スタッフおすすめスポット,개발 배경 직원은 자리를 추천합니다
486,개발 배경 직원 추천 명소,開発背景スタッフおすすめスポット,https://corp.toei-anim.co.jp/ja/press/copy-press3565447185827525330.html,開発背景スタッフおすすめスポット,개발 배경 직원은 자리를 추천합니다
487,개발 배경 직원 추천 명소,開発背景スタッフおすすめスポット,https://www.city.kawasaki.jp/280/page/0000127631.html,開発背景スタッフおすすめスポット,개발 배경 직원은 자리를 추천합니다
488,개발 배경 직원 추천 명소,開発背景スタッフおすすめスポット,https://www.naturetokyoexperience.com/assets/pdf/project_nte_202109.pdf,開発背景スタッフおすすめスポット,개발 배경 직원은 자리를 추천합니다
489,개발 배경 직원 추천 명소,開発背景スタッフおすすめスポット,https://www.soumu.go.jp/soutsu/kanto/ai/npo/hokokusho/h200515.pdf,開発背景スタッフおすすめスポット,개발 배경 직원은 자리를 추천합니다
490,개발 배경 직원 추천 명소,開発背景スタッフおすすめスポット,https://www.inside-games.jp/article/2020/08/03/129147.html,開発背景スタッフおすすめスポット,개발 배경 직원은 자리를 추천합니다
491,개발 배경 직원 추천 명소,開発背景スタッフおすすめスポット,https://automaton-media.com/articles/newsjp/20210130-150677/,開発背景スタッフおすすめスポット,개발 배경 직원은 자리를 추천합니다
492,개발 배경 직원 추천 명소,開発背景スタッフおすすめスポット,https://www.go-nagano.net/theme/id=19610,開発背景スタッフおすすめスポット,개발 배경 직원은 자리를 추천합니다
493,개발 배경 직원 추천 명소,開発背景スタッフおすすめスポット,https://www.jri.co.jp/file/report/jrireview/pdf/10798.pdf,開発背景スタッフおすすめスポット,개발 배경 직원은 자리를 추천합니다
494,개발 배경 직원 추천 명소,開発背景スタッフおすすめスポット,https://www.pref.aichi.jp/soshiki/kouku/aichi-mof-mu300.html,開発背景スタッフおすすめスポット,개발 배경 직원은 자리를 추천합니다
495,개발 배경 직원 추천 명소,開発背景スタッフおすすめスポット,https://www.city.funabashi.lg.jp/funabashistyle/jp/001/p051591.html,開発背景スタッフおすすめスポット,개발 배경 직원은 자리를 추천합니다
496,개발 배경 직원 추천 명소,開発背景スタッフおすすめスポット,http://www.city.shinjuku.lg.jp/content/000284714.pdf,開発背景スタッフおすすめスポット,개발 배경 직원은 자리를 추천합니다
497,개발 배경 직원 추천 명소,開発背景スタッフおすすめスポット,https://www.persol-wd.co.jp/news/20200915-01/,開発背景スタッフおすすめスポット,개발 배경 직원은 자리를 추천합니다
498,개발 배경 직원 추천 명소,開発背景スタッフおすすめスポット,https://www.city.itoshima.lg.jp/s026/content/keikaku.pdf,開発背景スタッフおすすめスポット,개발 배경 직원은 자리를 추천합니다
499,개발 배경 직원 추천 명소,開発背景スタッフおすすめスポット,https://www.bridalstylesboutique.com/8140ttwo72ffut06ce9,開発背景スタッフおすすめスポット,개발 배경 직원은 자리를 추천합니다
500,개발 배경 직원 추천 명소,開発背景スタッフおすすめスポット,https://www.tbs.co.jp/thetime_tbs/,開発背景スタッフおすすめスポット,개발 배경 직원은 자리를 추천합니다
501,개발 배경 직원 추천 명소,開発背景スタッフおすすめスポット,https://toyokeizai.net/articles/-/587237,開発背景スタッフおすすめスポット,개발 배경 직원은 자리를 추천합니다
502,개발 배경 직원 추천 명소,開発背景スタッフおすすめスポット,https://demonition.com/blog-entry-106632.html,開発背景スタッフおすすめスポット,개발 배경 직원은 자리를 추천합니다
503,개발 배경 직원 추천 명소,開発背景スタッフおすすめスポット,https://www.hamakei.com/headline/11814/,開発背景スタッフおすすめスポット,개발 배경 직원은 자리를 추천합니다
504,개발 배경 직원 추천 명소,開発背景スタッフおすすめスポット,https://ja.wikipedia.org/wiki/%e3%82%a6%e3%83%9e%e5%a8%98_%e3%83%97%e3%83%aa%e3%83%86%e3%82%a3%e3%83%bc%e3%83%80%e3%83%bc%e3%83%93%e3%83%bc,開発背景スタッフおすすめスポット,개발 배경 직원은 자리를 추천합니다
506,개발 배경 직원 추천 명소,開発背景スタッフおすすめスポット,http://cgr.temple.edu/favorably703.html,開発背景スタッフおすすめスポット,개발 배경 직원은 자리를 추천합니다
477,개발 배경 직원 추천 명소,開発背景スタッフおすすめスポット,http://www.tcmit.org/,開発背景スタッフおすすめスポット,개발 배경 직원은 자리를 추천합니다
476,개발 배경 직원 추천 명소,開発背景スタッフおすすめスポット,https://jp.finalfantasyxiv.com/blog/003039.html,開発背景スタッフおすすめスポット,개발 배경 직원은 자리를 추천합니다
475,개발 배경 직원 추천 명소,開発背景スタッフおすすめスポット,https://atta.ai/media/jp/article040-nakanoshima/,開発背景スタッフおすすめスポット,개발 배경 직원은 자리를 추천합니다
448,개발 배경 직원 추천 명소,開発背景スタッフおすすめスポット,https://xn--pckua2a7gp15o89zb.com/%e8%a6%b3%e5%85%89%e3%81%ae%e4%bb%95%e4%ba%8b-%e6%b2%96%e7%b8%84%e7%9c%8c,開発背景スタッフおすすめスポット,개발 배경 직원은 자리를 추천합니다
447,개발 배경 직원 추천 명소,開発背景スタッフおすすめスポット,https://hotelhills.jp/sys/wp-content/uploads/2019/05/pamphlet_2014.pdf,開発背景スタッフおすすめスポット,개발 배경 직원은 자리를 추천합니다
446,개발 배경 직원 추천 명소,開発背景スタッフおすすめスポット,https://www.reeracoen.com.ph/zh-cn/jobs/44338,開発背景スタッフおすすめスポット,개발 배경 직원은 자리를 추천합니다
445,개발 배경 직원 추천 명소,開発背景スタッフおすすめスポット,https://www.kyoto-kankojob.com/company/5042,開発背景スタッフおすすめスポット,개발 배경 직원은 자리를 추천합니다
444,개발 배경 직원 추천 명소,開発背景スタッフおすすめスポット,https://travel.rakuten.co.jp/mytrip/ranking/sightseeing-korea,開発背景スタッフおすすめスポット,개발 배경 직원은 자리를 추천합니다
443,개발 배경 직원 추천 명소,開発背景スタッフおすすめスポット,https://apps.shopify.com/,開発背景スタッフおすすめスポット,개발 배경 직원은 자리를 추천합니다
442,개발 배경 직원 추천 명소,開発背景スタッフおすすめスポット,https://www.kandagaigo.ac.jp/kifl/contents/tourism-jobs,開発背景スタッフおすすめスポット,개발 배경 직원은 자리를 추천합니다
441,개발 배경 직원 추천 명소,開発背景スタッフおすすめスポット,https://www.spotlog.jp/,開発背景スタッフおすすめスポット,개발 배경 직원은 자리를 추천합니다
440,개발 배경 직원 추천 명소,開発背景スタッフおすすめスポット,https://glocalmissionjobs.jp/search/detail/1373,開発背景スタッフおすすめスポット,개발 배경 직원은 자리를 추천합니다
439,개발 배경 직원 추천 명소,開発背景スタッフおすすめスポット,https://www.lasoft.co.jp/kaisha.asp,開発背景スタッフおすすめスポット,개발 배경 직원은 자리를 추천합니다
438,개발 배경 직원 추천 명소,開発背景スタッフおすすめスポット,https://www.fuji-net.co.jp/read.php,開発背景スタッフおすすめスポット,개발 배경 직원은 자리를 추천합니다
437,개발 배경 직원 추천 명소,開発背景スタッフおすすめスポット,https://doda.jp/keyword/%e4%ba%ac%e9%83%bd%e3%80%80%e8%a6%b3%e5%85%89%e3%80%80%e6%b1%82%e4%ba%ba%e3%80%80%e6%ad%a3%e7%a4%be%e5%93%a1/,開発背景スタッフおすすめスポット,개발 배경 직원은 자리를 추천합니다
436,개발 배경 직원 추천 명소,開発背景スタッフおすすめスポット,https://www.hotelwing.co.jp/sapporo-susukino/spot/,開発背景スタッフおすすめスポット,개발 배경 직원은 자리를 추천합니다
435,개발 배경 직원 추천 명소,開発背景スタッフおすすめスポット,https://tabitabi.ru/jp/,開発背景スタッフおすすめスポット,개발 배경 직원은 자리를 추천합니다
434,개발 배경 직원 추천 명소,開発背景スタッフおすすめスポット,https://rehda.com/43781/593308.html,開発背景スタッフおすすめスポット,개발 배경 직원은 자리를 추천합니다
433,개발 배경 직원 추천 명소,開発背景スタッフおすすめスポット,https://sakurakanko-travel.com/about-sakurakanko.html,開発背景スタッフおすすめスポット,개발 배경 직원은 자리를 추천합니다
432,개발 배경 직원 추천 명소,開発背景スタッフおすすめスポット,https://www.tokyo-solamachi.jp/enjoy/,開発背景スタッフおすすめスポット,개발 배경 직원은 자리를 추천합니다
431,개발 배경 직원 추천 명소,開発背景スタッフおすすめスポット,https://www.sangyo-rodo.metro.tokyo.lg.jp/plan/tourism/h25/pdf/0522_06_sen3.pdf,開発背景スタッフおすすめスポット,개발 배경 직원은 자리를 추천합니다
430,개발 배경 직원 추천 명소,開発背景スタッフおすすめスポット,http://app.goodnews-it.com/,開発背景スタッフおすすめスポット,개발 배경 직원은 자리를 추천합니다
429,개발 배경 직원 추천 명소,開発背景スタッフおすすめスポット,https://www.toppan.co.jp/biz/social/businessfield/tourism.html,開発背景スタッフおすすめスポット,개발 배경 직원은 자리를 추천합니다
428,개발 배경 직원 추천 명소,開発背景スタッフおすすめスポット,https://www.tabirai.net/sightseeing/feature/hokkaido-vie.aspx,開発背景スタッフおすすめスポット,개발 배경 직원은 자리를 추천합니다
449,개발 배경 직원 추천 명소,開発背景スタッフおすすめスポット,https://monsterhunter.gamedivers.com/archives/77116,開発背景スタッフおすすめスポット,개발 배경 직원은 자리를 추천합니다
450,개발 배경 직원 추천 명소,開発背景スタッフおすすめスポット,https://www.athome.co.jp/ahka/shinwa-kaihatsu.html,開発背景スタッフおすすめスポット,개발 배경 직원은 자리를 추천합니다
451,개발 배경 직원 추천 명소,開発背景スタッフおすすめスポット,https://travel.biglobe.ne.jp/family/age/kid/aichi.html,開発背景スタッフおすすめスポット,개발 배경 직원은 자리를 추천합니다
452,개발 배경 직원 추천 명소,開発背景スタッフおすすめスポット,https://rekaizen.com/article/detail/app-development/3207,開発背景スタッフおすすめスポット,개발 배경 직원은 자리를 추천합니다
474,개발 배경 직원 추천 명소,開発背景スタッフおすすめスポット,https://prtimes.jp/main/html/rd/p/000000002.000076109.html,開発背景スタッフおすすめスポット,개발 배경 직원은 자리를 추천합니다
473,개발 배경 직원 추천 명소,開発背景スタッフおすすめスポット,https://www.bizreach.jp/job-feed/public-advertising/385qpro/,開発背景スタッフおすすめスポット,개발 배경 직원은 자리를 추천합니다
472,개발 배경 직원 추천 명소,開発背景スタッフおすすめスポット,https://computer.trident.ac.jp/campuslife/floorguide/,開発背景スタッフおすすめスポット,개발 배경 직원은 자리를 추천합니다
471,개발 배경 직원 추천 명소,開発背景スタッフおすすめスポット,https://travel.watch.impress.co.jp/docs/news/1359523.html,開発背景スタッフおすすめスポット,개발 배경 직원은 자리를 추천합니다
470,개발 배경 직원 추천 명소,開発背景スタッフおすすめスポット,https://oigen.jp/enjoy/worldofcraft/17590,開発背景スタッフおすすめスポット,개발 배경 직원은 자리를 추천합니다
469,개발 배경 직원 추천 명소,開発背景スタッフおすすめスポット,https://www.pupuru.com/blog/application/googlemap2019,開発背景スタッフおすすめスポット,개발 배경 직원은 자리를 추천합니다
468,개발 배경 직원 추천 명소,開発背景スタッフおすすめスポット,https://www.city.utsunomiya.tochigi.jp/_res/projects/default_project/_page_/001/015/287/2017_no1.pdf,開発背景スタッフおすすめスポット,개발 배경 직원은 자리를 추천합니다
467,개발 배경 직원 추천 명소,開発背景スタッフおすすめスポット,https://iwatake-mountain-resort.com/activity,開発背景スタッフおすすめスポット,개발 배경 직원은 자리를 추천합니다
466,개발 배경 직원 추천 명소,開発背景スタッフおすすめスポット,https://jp.indeed.com/%e8%a6%b3%e5%85%89%e9%96%a2%e9%80%a3%e3%81%ae%e6%b1%82%e4%ba%ba%e9%95%b7%e9%87%8e%e7%9c%8c-%e5%8d%97%e4%bd%90%e4%b9%85%e9%83%a1-%e5%b7%9d%e4%b8%8a%e6%9d%91,開発背景スタッフおすすめスポット,개발 배경 직원은 자리를 추천합니다
465,개발 배경 직원 추천 명소,開発背景スタッフおすすめスポット,https://www.rf-yamakawa.co.jp/about/vision/,開発背景スタッフおすすめスポット,개발 배경 직원은 자리를 추천합니다
426,개발 배경 직원 추천 명소,開発背景スタッフおすすめスポット,https://ichiki-kushikino.com/%e3%81%84%e3%81%a1%e3%81%8d%e4%b8%b2%e6%9c%a8%e9%87%8e%e5%b8%82%e7%b7%8f%e5%90%88%e8%a6%b3%e5%85%89%e6%a1%88%e5%86%85%e6%89%80/,開発背景スタッフおすすめスポット,개발 배경 직원은 자리를 추천합니다
464,개발 배경 직원 추천 명소,開発背景スタッフおすすめスポット,https://news.yahoo.co.jp/articles/a90628cfaabca089e62a6dec312f8d0b115da0f6,開発背景スタッフおすすめスポット,개발 배경 직원은 자리를 추천합니다
462,개발 배경 직원 추천 명소,開発背景スタッフおすすめスポット,https://www.laforet.co.jp/lf-gora/sightseeing/hutari.html,開発背景スタッフおすすめスポット,개발 배경 직원은 자리를 추천합니다
461,개발 배경 직원 추천 명소,開発背景スタッフおすすめスポット,https://up-frontier.jp/press/5316.html,開発背景スタッフおすすめスポット,개발 배경 직원은 자리를 추천합니다
460,개발 배경 직원 추천 명소,開発背景スタッフおすすめスポット,https://matome-antenna.com/mhrise/archives/14889,開発背景スタッフおすすめスポット,개발 배경 직원은 자리를 추천합니다
459,개발 배경 직원 추천 명소,開発背景スタッフおすすめスポット,https://www.env.go.jp/nature/ecotourism/try-ecotourism/env/chiiki_shien/haken/h28/report/pdf/3-4.pdf,開発背景スタッフおすすめスポット,개발 배경 직원은 자리를 추천합니다
458,개발 배경 직원 추천 명소,開発背景スタッフおすすめスポット,https://jp.trip.com/travel-guide/city-148/tourist-attractions/business-district-15136/,開発背景スタッフおすすめスポット,개발 배경 직원은 자리를 추천합니다
457,개발 배경 직원 추천 명소,開発背景スタッフおすすめスポット,https://www.shipsltd.co.jp/shipsmag/things/2013spring-1412/,開発背景スタッフおすすめスポット,개발 배경 직원은 자리를 추천합니다
456,개발 배경 직원 추천 명소,開発背景スタッフおすすめスポット,https://suzu-oshigotonavi.jp/company_summary/95,開発背景スタッフおすすめスポット,개발 배경 직원은 자리를 추천합니다
455,개발 배경 직원 추천 명소,開発背景スタッフおすすめスポット,https://www.jalan.net/news/article/207851/,開発背景スタッフおすすめスポット,개발 배경 직원은 자리를 추천합니다
454,개발 배경 직원 추천 명소,開発背景スタッフおすすめスポット,https://ryuoo.com/green/sora_terrace/,開発背景スタッフおすすめスポット,개발 배경 직원은 자리를 추천합니다
453,개발 배경 직원 추천 명소,開発背景スタッフおすすめスポット,https://employment.en-japan.com/desc_905861/,開発背景スタッフおすすめスポット,개발 배경 직원은 자리를 추천합니다
463,개발 배경 직원 추천 명소,開発背景スタッフおすすめスポット,https://www.city.matsuyama.ehime.jp/shigikai/iinkai/28-29sangyoukeizai.html,開発背景スタッフおすすめスポット,개발 배경 직원은 자리를 추천합니다
421,개발 배경 직원 추천 명소,開発背景スタッフおすすめスポット,https://monsterhunter.5chmap.com/,開発背景スタッフおすすめスポット,개발 배경 직원은 자리를 추천합니다
